id,depth.mean,depth.top,depth.btm,density,lat,long,NO3,d17O,d18O,D17O,d15N,NO3err,d17Oerr,d18Oerr,D17Oerr,d15Nerr,group,site,pseudo,smb.1979_2021,smb.1979_2021.mean.ci,smb.1979_2021.MARavgerr,smb.2011_2013,smb.2011_2013.mean.ci,smb.2011_2013.MARavgerr,smb.2013,smb.2013.MARerr
ABN_SKL,0,0,0,357,-71.1669,111.3665,242.9,0.0684,0.0708,0.0316,0.0022,0,0.0005,0.0008,0.0003,0.0011,p4,ABN,1,128,7.3,1.9,114.3,35.4,1.9,114.9,1.7
CHICH_P4-03,1.5,0,3,357,-71.1669,111.3665,211,NA,NA,NA,0.033,0,NA,NA,NA,0.0007,p4,ABN,0,128,7.3,1.9,114.3,35.4,1.9,114.9,1.7
CHICH_P4-06,4.5,3,6,357,-71.1669,111.3665,105.7,0.075,0.0801,0.0334,0.0454,0,0.0006,0.0008,0.0003,0.0009,p4,ABN,0,128,7.3,1.9,114.3,35.4,1.9,114.9,1.7
CHICH_P4-09,7.5,6,9,361,-71.1669,111.3665,96.9,0.0833,0.0887,0.0372,0.0468,0,0.0006,0.0008,0.0003,0.0009,p4,ABN,0,128,7.3,1.9,114.3,35.4,1.9,114.9,1.7
CHICH_P4-12,10.5,9,12,365,-71.1669,111.3665,139.8,0.0777,0.0839,0.0341,0.0406,0,0.0006,0.0008,0.0003,0.0009,p4,ABN,0,128,7.3,1.9,114.3,35.4,1.9,114.9,1.7
CHICH_P4-15,13.5,12,15,369,-71.1669,111.3665,99.5,0.0848,0.0901,0.0379,0.0399,0,0.0006,0.0008,0.0003,0.0009,p4,ABN,0,128,7.3,1.9,114.3,35.4,1.9,114.9,1.7
CHICH_P4-18,16.5,15,18,373,-71.1669,111.3665,93.1,0.0798,0.0852,0.0355,0.0293,0,0.0006,0.0008,0.0003,0.0009,p4,ABN,0,128,7.3,1.9,114.3,35.4,1.9,114.9,1.7
CHICH_P4-21,19.5,18,21,377,-71.1669,111.3665,74.3,0.0717,0.0782,0.0311,0.0152,0,0.0006,0.0008,0.0003,0.0009,p4,ABN,0,128,7.3,1.9,114.3,35.4,1.9,114.9,1.7
CHICH_P4-24,22.5,21,24,381,-71.1669,111.3665,74.6,0.0706,0.077,0.0306,0.011,0,0.0006,0.0008,0.0003,0.0009,p4,ABN,0,128,7.3,1.9,114.3,35.4,1.9,114.9,1.7
CHICH_P4-27,25.5,24,27,382,-71.1669,111.3665,63.1,0.0675,0.0724,0.0299,0.0172,0,0.0006,0.0008,0.0003,0.0009,p4,ABN,0,128,7.3,1.9,114.3,35.4,1.9,114.9,1.7
CHICH_P4-30,28.5,27,30,378,-71.1669,111.3665,71.9,0.0702,0.0759,0.0308,0.0139,0,0.0006,0.0008,0.0003,0.0009,p4,ABN,0,128,7.3,1.9,114.3,35.4,1.9,114.9,1.7
CHICH_P4-33,31.5,30,33,372,-71.1669,111.3665,68.8,0.0681,0.0743,0.0295,0.0085,0,0.0006,0.0008,0.0003,0.0009,p4,ABN,0,128,7.3,1.9,114.3,35.4,1.9,114.9,1.7
CHICH_P4-36,34.5,33,36,367,-71.1669,111.3665,75.9,0.0669,0.072,0.0294,0.0076,0,0.0006,0.0008,0.0003,0.0009,p4,ABN,0,128,7.3,1.9,114.3,35.4,1.9,114.9,1.7
CHICH_P4-39,37.5,36,39,361,-71.1669,111.3665,103.1,0.0629,0.0662,0.0285,0.005,0,0.0006,0.0008,0.0003,0.0009,p4,ABN,0,128,7.3,1.9,114.3,35.4,1.9,114.9,1.7
CHICH_P4-42,40.5,39,42,356,-71.1669,111.3665,133.5,0.064,0.0659,0.0297,0.0106,0,0.0006,0.0008,0.0003,0.0009,p4,ABN,0,128,7.3,1.9,114.3,35.4,1.9,114.9,1.7
CHICH_P4-45,43.5,42,45,350,-71.1669,111.3665,166.8,0.0599,0.0622,0.0275,0.0115,0,0.0006,0.0008,0.0003,0.0009,p4,ABN,0,128,7.3,1.9,114.3,35.4,1.9,114.9,1.7
CHICH_P4-48,46.5,45,48,349,-71.1669,111.3665,102.8,0.0541,0.0569,0.0245,0.0178,0,0.0006,0.0008,0.0003,0.0009,p4,ABN,0,128,7.3,1.9,114.3,35.4,1.9,114.9,1.7
CHICH_P4-51,49.5,48,51,352,-71.1669,111.3665,68,0.0573,0.0566,0.0279,0.0469,0,0.0006,0.0008,0.0003,0.0009,p4,ABN,0,128,7.3,1.9,114.3,35.4,1.9,114.9,1.7
CHICH_P4-54,52.5,51,54,355,-71.1669,111.3665,75.2,0.0545,0.0521,0.0274,0.0651,0,0.0006,0.0008,0.0003,0.0009,p4,ABN,0,128,7.3,1.9,114.3,35.4,1.9,114.9,1.7
CHICH_P4-57,55.5,54,57,358,-71.1669,111.3665,64.7,0.0634,0.0608,0.0317,0.0802,0,0.0006,0.0008,0.0003,0.0009,p4,ABN,0,128,7.3,1.9,114.3,35.4,1.9,114.9,1.7
CHICH_P4-60,58.5,57,60,361,-71.1669,111.3665,54.4,0.0594,0.0589,0.0288,0.0729,0,0.0012,0.0023,0.0002,0.0008,p4,ABN,0,128,7.3,1.9,114.3,35.4,1.9,114.9,1.7
CHICH_P4-63,61.5,60,63,364,-71.1669,111.3665,51.2,0.0579,0.0578,0.0278,0.0514,0,0.0012,0.0023,0.0002,0.0008,p4,ABN,0,128,7.3,1.9,114.3,35.4,1.9,114.9,1.7
CHICH_P4-66,64.5,63,66,366,-71.1669,111.3665,52.6,0.0579,0.0578,0.0278,0.032,0,0.0012,0.0023,0.0002,0.0008,p4,ABN,0,128,7.3,1.9,114.3,35.4,1.9,114.9,1.7
CHICH_P4-69RR,67.5,66,69,369,-71.1669,111.3665,54.9,0.0577,0.0578,0.0277,0.0332,0,0.0005,0.0008,0.0003,0.0011,p4,ABN,0,128,7.3,1.9,114.3,35.4,1.9,114.9,1.7
CHICH_P4-72,70.5,69,72,371,-71.1669,111.3665,57.3,0.0597,0.0603,0.0284,0.0305,0,0.0012,0.0023,0.0002,0.0008,p4,ABN,0,128,7.3,1.9,114.3,35.4,1.9,114.9,1.7
CHICH_P4-75,73.5,72,75,374,-71.1669,111.3665,60.7,0.0588,0.0605,0.0273,0.0408,0,0.0006,0.0008,0.0003,0.0009,p4,ABN,0,128,7.3,1.9,114.3,35.4,1.9,114.9,1.7
CHICH_P4-78,76.5,75,78,376,-71.1669,111.3665,67.1,0.0571,0.0587,0.0266,0.0447,0,0.0006,0.0008,0.0003,0.0009,p4,ABN,0,128,7.3,1.9,114.3,35.4,1.9,114.9,1.7
CHICH_P4-81,79.5,78,81,379,-71.1669,111.3665,70.9,0.0513,0.0529,0.0238,0.0366,0,0.0006,0.0008,0.0003,0.0009,p4,ABN,0,128,7.3,1.9,114.3,35.4,1.9,114.9,1.7
CHICH_P4-84,82.5,81,84,381,-71.1669,111.3665,63.8,0.0496,0.0495,0.0238,0.0517,0,0.0012,0.0023,0.0002,0.0008,p4,ABN,0,128,7.3,1.9,114.3,35.4,1.9,114.9,1.7
CHICH_P4-87,85.5,84,87,383,-71.1669,111.3665,54.6,0.0498,0.0511,0.0232,0.0458,0,0.0006,0.0008,0.0003,0.0009,p4,ABN,0,128,7.3,1.9,114.3,35.4,1.9,114.9,1.7
CHICH_P4-90,88.5,87,90,386,-71.1669,111.3665,52.6,0.0485,0.0507,0.0222,0.0361,0,0.0012,0.0023,0.0002,0.0008,p4,ABN,0,128,7.3,1.9,114.3,35.4,1.9,114.9,1.7
CHICH_P4-93,91.5,90,93,388,-71.1669,111.3665,51.6,0.0478,0.0501,0.0217,0.0358,0,0.0006,0.0008,0.0003,0.0009,p4,ABN,0,128,7.3,1.9,114.3,35.4,1.9,114.9,1.7
CHICH_P4-96,94.5,93,96,390,-71.1669,111.3665,52.4,0.0507,0.0518,0.0237,0.034,0,0.0012,0.0023,0.0002,0.0008,p4,ABN,0,128,7.3,1.9,114.3,35.4,1.9,114.9,1.7
CHICH_P4-99,97.5,96,99,392,-71.1669,111.3665,52.7,0.0519,0.0539,0.0238,0.0315,0,0.0006,0.0008,0.0003,0.0009,p4,ABN,0,128,7.3,1.9,114.3,35.4,1.9,114.9,1.7
CHICH_P4-102,100.5,99,102,394,-71.1669,111.3665,54.8,0.0505,0.0528,0.023,0.0292,0,0.0006,0.0008,0.0003,0.0009,p4,ABN,0,128,7.3,1.9,114.3,35.4,1.9,114.9,1.7
ABN_SKL,0,0,0,357,-71.1669,111.3665,242.9,0.0684,0.0708,0.0316,0.0022,0,0.0005,0.0008,0.0003,0.0011,p5,ABN,1,128,7.3,1.9,114.3,35.4,1.9,114.9,1.7
CHICH_P5-003,1.5,0,3,357,-71.1669,111.3665,102.4,0.0853,0.0889,0.0391,0.041,0,0.0006,0.0008,0.0003,0.0009,p5,ABN,0,128,7.3,1.9,114.3,35.4,1.9,114.9,1.7
CHICH_P5-006,4.5,3,6,357,-71.1669,111.3665,78.2,0.0904,0.0949,0.041,0.0547,0,0.0006,0.0008,0.0003,0.0009,p5,ABN,0,128,7.3,1.9,114.3,35.4,1.9,114.9,1.7
CHICH_P5-009RR,7.5,6,9,361,-71.1669,111.3665,84.6,0.0895,0.0952,0.04,0.0507,0,0.0005,0.0008,0.0003,0.0011,p5,ABN,0,128,7.3,1.9,114.3,35.4,1.9,114.9,1.7
CHICH_P5-012,10.5,9,12,365,-71.1669,111.3665,89,0.0905,0.0959,0.0406,0.0455,0,0.0006,0.0008,0.0003,0.0009,p5,ABN,0,128,7.3,1.9,114.3,35.4,1.9,114.9,1.7
CHICH_P5-015,13.5,12,15,369,-71.1669,111.3665,84.4,0.088,0.0937,0.0392,0.038,0,0.0006,0.0008,0.0003,0.0009,p5,ABN,0,128,7.3,1.9,114.3,35.4,1.9,114.9,1.7
CHICH_P5-018,16.5,15,18,373,-71.1669,111.3665,73.9,0.0833,0.0896,0.0367,0.0276,0,0.0006,0.0008,0.0003,0.0009,p5,ABN,0,128,7.3,1.9,114.3,35.4,1.9,114.9,1.7
CHICH_P5-021,19.5,18,21,377,-71.1669,111.3665,76.2,0.0847,0.0909,0.0375,0.0247,0,0.0006,0.0008,0.0003,0.0009,p5,ABN,0,128,7.3,1.9,114.3,35.4,1.9,114.9,1.7
CHICH_P5-024,22.5,21,24,381,-71.1669,111.3665,77.3,0.0854,0.0918,0.0377,0.0209,0,0.0006,0.0008,0.0003,0.0009,p5,ABN,0,128,7.3,1.9,114.3,35.4,1.9,114.9,1.7
CHICH_P5-027,25.5,24,27,382,-71.1669,111.3665,82,0.0847,0.092,0.0369,0.0173,0,0.0006,0.0008,0.0003,0.0009,p5,ABN,0,128,7.3,1.9,114.3,35.4,1.9,114.9,1.7
CHICH_P5-030,28.5,27,30,378,-71.1669,111.3665,94.8,0.075,0.079,0.0339,0.0121,0,0.0006,0.0008,0.0003,0.0009,p5,ABN,0,128,7.3,1.9,114.3,35.4,1.9,114.9,1.7
CHICH_P5-033,31.5,30,33,372,-71.1669,111.3665,175,0.0662,0.0662,0.0318,0.018,0,0.0006,0.0008,0.0003,0.0009,p5,ABN,0,128,7.3,1.9,114.3,35.4,1.9,114.9,1.7
CHICH_P5-036,34.5,33,36,367,-71.1669,111.3665,171.3,0.0659,0.0661,0.0315,0.0158,0,0.0006,0.0008,0.0003,0.0009,p5,ABN,0,128,7.3,1.9,114.3,35.4,1.9,114.9,1.7
CHICH_P5-039,37.5,36,39,361,-71.1669,111.3665,130,0.0617,0.0608,0.03,0.0232,0,0.0006,0.0008,0.0003,0.0009,p5,ABN,0,128,7.3,1.9,114.3,35.4,1.9,114.9,1.7
CHICH_P5-042,40.5,39,42,356,-71.1669,111.3665,76.5,0.0642,0.0668,0.0295,0.0302,0,0.0006,0.0008,0.0003,0.0009,p5,ABN,0,128,7.3,1.9,114.3,35.4,1.9,114.9,1.7
CHICH_P5-045,43.5,42,45,350,-71.1669,111.3665,68.3,0.0691,0.0732,0.031,0.044,0,0.0006,0.0008,0.0003,0.0009,p5,ABN,0,128,7.3,1.9,114.3,35.4,1.9,114.9,1.7
CHICH_P5-048,46.5,45,48,349,-71.1669,111.3665,63.9,0.071,0.0746,0.0322,0.0479,0,0.0006,0.0008,0.0003,0.0009,p5,ABN,0,128,7.3,1.9,114.3,35.4,1.9,114.9,1.7
CHICH_P5-051,49.5,48,51,352,-71.1669,111.3665,56.8,0.0743,0.0771,0.0342,0.045,0,0.0006,0.0008,0.0003,0.0009,p5,ABN,0,128,7.3,1.9,114.3,35.4,1.9,114.9,1.7
CHICH_P5-054,52.5,51,54,355,-71.1669,111.3665,54.1,0.075,0.0776,0.0347,0.0444,0,0.0012,0.0023,0.0002,0.0008,p5,ABN,0,128,7.3,1.9,114.3,35.4,1.9,114.9,1.7
CHICH_P5-057,55.5,54,57,358,-71.1669,111.3665,55,0.0784,0.081,0.0363,0.0457,0,0.0006,0.0008,0.0003,0.0009,p5,ABN,0,128,7.3,1.9,114.3,35.4,1.9,114.9,1.7
CHICH_P5-060,58.5,57,60,361,-71.1669,111.3665,56.2,0.0789,0.0816,0.0365,0.0446,0,0.0006,0.0008,0.0003,0.0009,p5,ABN,0,128,7.3,1.9,114.3,35.4,1.9,114.9,1.7
CHICH_P5-063RR,61.5,60,63,364,-71.1669,111.3665,40.1,0.0747,0.0789,0.0336,0.0321,0,0.0005,0.0008,0.0003,0.0011,p5,ABN,0,128,7.3,1.9,114.3,35.4,1.9,114.9,1.7
CHICH_P5-066,64.5,63,66,366,-71.1669,111.3665,35.9,0.0703,0.0744,0.0316,0.0169,0,0.0012,0.0023,0.0002,0.0008,p5,ABN,0,128,7.3,1.9,114.3,35.4,1.9,114.9,1.7
CHICH_P5-069,67.5,66,69,369,-71.1669,111.3665,37.5,0.0677,0.0741,0.0291,0.0108,0,0.0012,0.0023,0.0002,0.0008,p5,ABN,0,128,7.3,1.9,114.3,35.4,1.9,114.9,1.7
CHICH_P5-072,70.5,69,72,371,-71.1669,111.3665,39.5,0.0697,0.0759,0.0303,0.0082,0,0.0012,0.0023,0.0002,0.0008,p5,ABN,0,128,7.3,1.9,114.3,35.4,1.9,114.9,1.7
CHICH_P5-075,73.5,72,75,374,-71.1669,111.3665,59.8,0.0636,0.0647,0.0299,0.0262,0,0.0006,0.0008,0.0003,0.0009,p5,ABN,0,128,7.3,1.9,114.3,35.4,1.9,114.9,1.7
CHICH_P5-078,76.5,75,78,376,-71.1669,111.3665,60.7,0.0613,0.0612,0.0294,0.0365,0,0.0006,0.0008,0.0003,0.0009,p5,ABN,0,128,7.3,1.9,114.3,35.4,1.9,114.9,1.7
CHICH_P5-081,79.5,78,81,379,-71.1669,111.3665,59.3,0.0611,0.0611,0.0293,0.035,0,0.0012,0.0023,0.0002,0.0008,p5,ABN,0,128,7.3,1.9,114.3,35.4,1.9,114.9,1.7
CHICH_P5-084,82.5,81,84,381,-71.1669,111.3665,54.6,0.0591,0.06,0.0279,0.032,0,0.0012,0.0023,0.0002,0.0008,p5,ABN,0,128,7.3,1.9,114.3,35.4,1.9,114.9,1.7
CHICH_P5-087,85.5,84,87,383,-71.1669,111.3665,44.9,0.0529,0.0554,0.0241,0.0362,0,0.0012,0.0023,0.0002,0.0008,p5,ABN,0,128,7.3,1.9,114.3,35.4,1.9,114.9,1.7
CHICH_P5-090,88.5,87,90,386,-71.1669,111.3665,47.1,0.0549,0.0565,0.0256,0.0495,0,0.0012,0.0023,0.0002,0.0008,p5,ABN,0,128,7.3,1.9,114.3,35.4,1.9,114.9,1.7
CHICH_P5-093,91.5,90,93,388,-71.1669,111.3665,44.7,0.0559,0.0582,0.0256,0.0431,0,0.0012,0.0023,0.0002,0.0008,p5,ABN,0,128,7.3,1.9,114.3,35.4,1.9,114.9,1.7
CHICH_P5-096,94.5,93,96,390,-71.1669,111.3665,35,0.0574,0.0582,0.0272,0.0664,0,0.0012,0.0023,0.0002,0.0008,p5,ABN,0,128,7.3,1.9,114.3,35.4,1.9,114.9,1.7
CHICH_P5-099,97.5,96,99,392,-71.1669,111.3665,40.5,0.0608,0.0595,0.0299,0.0856,0,0.0012,0.0023,0.0002,0.0008,p5,ABN,0,128,7.3,1.9,114.3,35.4,1.9,114.9,1.7
CHICH_P5-102,100.5,99,102,394,-71.1669,111.3665,37.5,0.0633,0.0608,0.0317,0.0872,0,0.0012,0.0023,0.0002,0.0008,p5,ABN,0,128,7.3,1.9,114.3,35.4,1.9,114.9,1.7
CHICH_P5-105,103.5,102,105,396,-71.1669,111.3665,39.1,0.0638,0.0618,0.0317,0.0869,0,0.0012,0.0023,0.0002,0.0008,p5,ABN,0,128,7.3,1.9,114.3,35.4,1.9,114.9,1.7
CHICH_P5-108,106.5,105,108,397,-71.1669,111.3665,43.8,0.0647,0.0633,0.0318,0.0862,0,0.0012,0.0023,0.0002,0.0008,p5,ABN,0,128,7.3,1.9,114.3,35.4,1.9,114.9,1.7
CHICH_P5-111,109.5,108,111,399,-71.1669,111.3665,46,0.0666,0.0659,0.0324,0.0816,0,0.0012,0.0023,0.0002,0.0008,p5,ABN,0,128,7.3,1.9,114.3,35.4,1.9,114.9,1.7
CHICH_P5-114RR,112.5,111,114,404,-71.1669,111.3665,50.6,0.0696,0.0695,0.0334,0.0792,0,0.0005,0.0008,0.0003,0.0011,p5,ABN,0,128,7.3,1.9,114.3,35.4,1.9,114.9,1.7
CHICH_P5-117,115.5,114,117,413,-71.1669,111.3665,50.7,0.067,0.0675,0.0319,0.0649,0,0.0006,0.0008,0.0003,0.0009,p5,ABN,0,128,7.3,1.9,114.3,35.4,1.9,114.9,1.7
CHICH_P5-120,118.5,117,120,421,-71.1669,111.3665,59.8,0.0622,0.064,0.0289,0.0435,0,0.0006,0.0008,0.0003,0.0009,p5,ABN,0,128,7.3,1.9,114.3,35.4,1.9,114.9,1.7
CHICH_P5-123,121.5,120,123,430,-71.1669,111.3665,63.4,0.0571,0.0571,0.0274,0.0505,0,0.0006,0.0008,0.0003,0.0009,p5,ABN,0,128,7.3,1.9,114.3,35.4,1.9,114.9,1.7
CHICH_P5-126,124.5,123,126,438,-71.1669,111.3665,63.3,0.0561,0.057,0.0264,0.0495,0,0.0006,0.0008,0.0003,0.0009,p5,ABN,0,128,7.3,1.9,114.3,35.4,1.9,114.9,1.7
CHICH_P5-129,127.5,126,129,437,-71.1669,111.3665,54.4,0.0601,0.0625,0.0276,0.0531,0,0.0006,0.0008,0.0003,0.0009,p5,ABN,0,128,7.3,1.9,114.3,35.4,1.9,114.9,1.7
CHICH_P5-132,130.5,129,132,434,-71.1669,111.3665,49.4,0.0608,0.0633,0.0279,0.0536,0,0.0012,0.0023,0.0002,0.0008,p5,ABN,0,128,7.3,1.9,114.3,35.4,1.9,114.9,1.7
CHICH_P5-135,133.5,132,135,430,-71.1669,111.3665,51.6,0.0634,0.0657,0.0292,0.0568,0,0.0006,0.0008,0.0003,0.0009,p5,ABN,0,128,7.3,1.9,114.3,35.4,1.9,114.9,1.7
CHICH_P5-138,136.5,135,138,427,-71.1669,111.3665,48.6,0.0683,0.0707,0.0315,0.0632,0,0.0006,0.0008,0.0003,0.0009,p5,ABN,0,128,7.3,1.9,114.3,35.4,1.9,114.9,1.7
CHICH_P5-141RR,139.5,138,141,424,-71.1669,111.3665,46.6,0.066,0.0685,0.0304,0.0567,0,0.0005,0.0008,0.0003,0.0011,p5,ABN,0,128,7.3,1.9,114.3,35.4,1.9,114.9,1.7
CHICH_P5-144,142.5,141,144,424,-71.1669,111.3665,43.8,0.0678,0.071,0.0309,0.0457,0,0.0012,0.0023,0.0002,0.0008,p5,ABN,0,128,7.3,1.9,114.3,35.4,1.9,114.9,1.7
CHICH_P5-147,145.5,144,147,424,-71.1669,111.3665,53.8,0.0611,0.0629,0.0284,0.05,0,0.0006,0.0008,0.0003,0.0009,p5,ABN,0,128,7.3,1.9,114.3,35.4,1.9,114.9,1.7
CHICH_P5-150,148.5,147,150,424,-71.1669,111.3665,67,0.055,0.0531,0.0273,0.066,0,0.0006,0.0008,0.0003,0.0009,p5,ABN,0,128,7.3,1.9,114.3,35.4,1.9,114.9,1.7
CHICH_P5-153,151.5,150,153,419,-71.1669,111.3665,56.7,0.0559,0.0586,0.0254,0.0289,0,0.0006,0.0008,0.0003,0.0009,p5,ABN,0,128,7.3,1.9,114.3,35.4,1.9,114.9,1.7
CHICH_P5-156,154.5,153,156,413,-71.1669,111.3665,45.2,0.0565,0.0643,0.0231,-0.0025,0,0.0006,0.0008,0.0003,0.0009,p5,ABN,0,128,7.3,1.9,114.3,35.4,1.9,114.9,1.7
CHICH_P5-159,157.5,156,159,412,-71.1669,111.3665,42,0.0534,0.061,0.0217,-0.009,0,0.0012,0.0023,0.0002,0.0008,p5,ABN,0,128,7.3,1.9,114.3,35.4,1.9,114.9,1.7
CHICH_P5-162,160.5,159,162,420,-71.1669,111.3665,40.8,0.0529,0.0598,0.0218,-0.0097,0,0.0012,0.0023,0.0002,0.0008,p5,ABN,0,128,7.3,1.9,114.3,35.4,1.9,114.9,1.7
CHICH_P5-165,163.5,162,165,429,-71.1669,111.3665,40.2,0.0532,0.06,0.022,-0.0087,0,0.0012,0.0023,0.0002,0.0008,p5,ABN,0,128,7.3,1.9,114.3,35.4,1.9,114.9,1.7
CHICH_P5-168,166.5,165,168,438,-71.1669,111.3665,45.7,0.0565,0.0654,0.0226,0.0036,0,0.0009,0.0016,0.0003,0.0016,p5,ABN,0,128,7.3,1.9,114.3,35.4,1.9,114.9,1.7
CHICH_P5-171,169.5,168,171,446,-71.1669,111.3665,43.8,0.0543,0.0565,0.0249,0.034,0,0.0012,0.0023,0.0002,0.0008,p5,ABN,0,128,7.3,1.9,114.3,35.4,1.9,114.9,1.7
CHICH_P5-174,172.5,171,174,454,-71.1669,111.3665,44.9,0.0584,0.0608,0.0268,0.0453,0,0.0012,0.0023,0.0002,0.0008,p5,ABN,0,128,7.3,1.9,114.3,35.4,1.9,114.9,1.7
CHICH_P5-177,175.5,174,177,458,-71.1669,111.3665,46.2,0.0639,0.0677,0.0287,0.0358,0,0.0012,0.0023,0.0002,0.0008,p5,ABN,0,128,7.3,1.9,114.3,35.4,1.9,114.9,1.7
CHICH_P5-180D,178.5,177,180,455,-71.1669,111.3665,47.8,0.0641,0.0681,0.0286,0.0346,0,0.0005,0.0008,0.0003,0.0011,p5,ABN,0,128,7.3,1.9,114.3,35.4,1.9,114.9,1.7
CHICH_P5-183,181.5,180,183,451,-71.1669,111.3665,60.6,0.0634,0.0669,0.0286,0.0352,0,0.0006,0.0008,0.0003,0.0009,p5,ABN,0,128,7.3,1.9,114.3,35.4,1.9,114.9,1.7
CHICH_P5-186,184.5,183,186,447,-71.1669,111.3665,74.1,0.0547,0.0519,0.0277,0.0654,0,0.0006,0.0008,0.0003,0.0009,p5,ABN,0,128,7.3,1.9,114.3,35.4,1.9,114.9,1.7
CHICH_P5-189,187.5,186,189,441,-71.1669,111.3665,86.8,0.0514,0.046,0.0275,0.0951,0,0.0006,0.0008,0.0003,0.0009,p5,ABN,0,128,7.3,1.9,114.3,35.4,1.9,114.9,1.7
CHICH_P5-192,190.5,189,192,435,-71.1669,111.3665,101.3,0.0509,0.0454,0.0273,0.0983,0,0.0006,0.0008,0.0003,0.0009,p5,ABN,0,128,7.3,1.9,114.3,35.4,1.9,114.9,1.7
CHICH_P5-195,193.5,192,195,426,-71.1669,111.3665,104,0.0518,0.0472,0.0272,0.0931,0,0.0006,0.0008,0.0003,0.0009,p5,ABN,0,128,7.3,1.9,114.3,35.4,1.9,114.9,1.7
CHICH_P5-198,196.5,195,198,412,-71.1669,111.3665,95.2,0.0544,0.0514,0.0276,0.0807,0,0.0006,0.0008,0.0003,0.0009,p5,ABN,0,128,7.3,1.9,114.3,35.4,1.9,114.9,1.7
CHICH_P5-201,199.5,198,201,411,-71.1669,111.3665,64.4,0.0594,0.0615,0.0274,0.0581,0,0.0006,0.0008,0.0003,0.0009,p5,ABN,0,128,7.3,1.9,114.3,35.4,1.9,114.9,1.7
CHIC_SKL_07,0,0,0,NA,-71.1669,111.3665,210.4,0.0682,0.0698,0.0319,0.0043,0,0.0005,0.0008,0.0003,0.0011,skl,ABN.p4,1,128,7.3,1.9,114.3,35.4,1.9,114.9,1.7
CHICH_P4-DL,78,54,102,NA,-71.1669,111.3665,57.3,0.0546,0.0554,0.0258,0.0433,0,0.0012,0.0023,0.0003,0.0011,dl,ABN.p4,1,128,7.3,1.9,114.3,35.4,1.9,114.9,1.7
CHIC_SKL_08,0,0,0,NA,-71.1669,111.3665,275.4,0.0687,0.0718,0.0314,0.0001,0,0.0005,0.0008,0.0003,0.0011,skl,ABN.p5,1,128,7.3,1.9,114.3,35.4,1.9,114.9,1.7
CHICH_P5-DL,150,99,201,NA,-71.1669,111.3665,56.2,0.0588,0.0595,0.0278,0.0563,0,0.0012,0.0023,0.0003,0.0016,dl,ABN.p5,1,128,7.3,1.9,114.3,35.4,1.9,114.9,1.7
CHIC_SKL_07,0,0,0,NA,-71.1669,111.3665,210.4,0.0682,0.0698,0.0319,0.0043,0,0.0005,0.0008,0.0003,0.0011,skl,ABN1,0,128,7.3,1.9,114.3,35.4,1.9,114.9,1.7
CHIC_DL_1,100,100,100,NA,-71.1669,111.3665,49,0.0529,0.0506,0.0266,0.0728,0,0.0005,0.0008,0.0003,0.0011,dl,ABN1,0,128,7.3,1.9,114.3,35.4,1.9,114.9,1.7
CHIC_SKL_08,0,0,0,NA,-71.1669,111.3665,275.4,0.0687,0.0718,0.0314,0.0001,0,0.0005,0.0008,0.0003,0.0011,skl,ABN2,0,128,7.3,1.9,114.3,35.4,1.9,114.9,1.7
CHIC_DL_2,100,100,100,NA,-71.1669,111.3665,96.4,0.0631,0.0653,0.0291,0.0393,0,0.0005,0.0008,0.0003,0.0011,dl,ABN2,0,128,7.3,1.9,114.3,35.4,1.9,114.9,1.7
CHICH_P1-00-est,0,0,0,402,-70.4309,134.1378,264.2,0.0724,0.079,0.0313,-0.0185,0,NA,NA,NA,NA,p1,CHIC-01,1,193.8,8.2,2.2,198.8,61.4,2.2,174,2.3
CHICH_P1-03,1.5,0,3,402,-70.4309,134.1378,47.5,0.0676,0.0716,0.0304,-0.0032,0,0.0012,0.0023,0.0002,0.0008,p1,CHIC-01,0,193.8,8.2,2.2,198.8,61.4,2.2,174,2.3
CHICH_P1-06,4.5,3,6,405,-70.4309,134.1378,41.4,0.0651,0.0704,0.0285,-0.0023,0,0.0009,0.0016,0.0003,0.0016,p1,CHIC-01,0,193.8,8.2,2.2,198.8,61.4,2.2,174,2.3
CHICH_P1-09,7.5,6,9,408,-70.4309,134.1378,41.2,0.0674,0.0719,0.03,0.0024,0,0.0009,0.0016,0.0003,0.0016,p1,CHIC-01,0,193.8,8.2,2.2,198.8,61.4,2.2,174,2.3
CHICH_P1-12,10.5,9,12,409,-70.4309,134.1378,47,0.0705,0.0757,0.0312,-0.0013,0,0.0012,0.0023,0.0002,0.0008,p1,CHIC-01,0,193.8,8.2,2.2,198.8,61.4,2.2,174,2.3
CHICH_P1-15,13.5,12,15,409,-70.4309,134.1378,76.7,0.0709,0.0751,0.0318,-0.0037,0,0.0012,0.0023,0.0002,0.0008,p1,CHIC-01,0,193.8,8.2,2.2,198.8,61.4,2.2,174,2.3
CHICH_P1-18,16.5,15,18,409,-70.4309,134.1378,79,0.0793,0.0832,0.036,0.0295,0,0.0008,0.0011,0.0004,0.0007,p1,CHIC-01,0,193.8,8.2,2.2,198.8,61.4,2.2,174,2.3
CHICH_P1-21,19.5,18,21,410,-70.4309,134.1378,75.2,0.0798,0.0854,0.0354,0.0348,0,0.0008,0.0011,0.0004,0.0007,p1,CHIC-01,0,193.8,8.2,2.2,198.8,61.4,2.2,174,2.3
CHICH_P1-24,22.5,21,24,410,-70.4309,134.1378,62.4,0.0634,0.0667,0.0287,0.005,0,0.0012,0.0023,0.0002,0.0008,p1,CHIC-01,0,193.8,8.2,2.2,198.8,61.4,2.2,174,2.3
CHICH_P1-27,25.5,24,27,410,-70.4309,134.1378,79.4,0.0609,0.0625,0.0284,0.0069,0,0.0008,0.0011,0.0004,0.0007,p1,CHIC-01,0,193.8,8.2,2.2,198.8,61.4,2.2,174,2.3
CHICH_P1-30,28.5,27,30,410,-70.4309,134.1378,139.4,0.0611,0.0598,0.03,0.0347,0,0.0008,0.0011,0.0004,0.0007,p1,CHIC-01,0,193.8,8.2,2.2,198.8,61.4,2.2,174,2.3
CHICH_P1-33,31.5,30,33,407,-70.4309,134.1378,263,0.0588,0.0556,0.0299,0.0469,0,0.0008,0.0011,0.0004,0.0007,p1,CHIC-01,0,193.8,8.2,2.2,198.8,61.4,2.2,174,2.3
CHICH_P1-36,34.5,33,36,404,-70.4309,134.1378,152,0.0602,0.0579,0.0301,0.03,0,0.0008,0.0011,0.0004,0.0007,p1,CHIC-01,0,193.8,8.2,2.2,198.8,61.4,2.2,174,2.3
CHICH_P1-39,37.5,36,39,401,-70.4309,134.1378,99.9,0.061,0.0598,0.0299,0.0277,0,0.0008,0.0011,0.0004,0.0007,p1,CHIC-01,0,193.8,8.2,2.2,198.8,61.4,2.2,174,2.3
CHICH_P1-42,40.5,39,42,398,-70.4309,134.1378,81.9,0.0665,0.0661,0.0321,0.0458,0,0.0008,0.0011,0.0004,0.0007,p1,CHIC-01,0,193.8,8.2,2.2,198.8,61.4,2.2,174,2.3
CHICH_P1-45,43.5,42,45,395,-70.4309,134.1378,61.5,0.0697,0.0706,0.033,0.0615,0,0.0008,0.0011,0.0004,0.0007,p1,CHIC-01,0,193.8,8.2,2.2,198.8,61.4,2.2,174,2.3
CHICH_P1-48,46.5,45,48,392,-70.4309,134.1378,56.3,0.0689,0.0692,0.0329,0.0594,0,0.0012,0.0023,0.0002,0.0008,p1,CHIC-01,0,193.8,8.2,2.2,198.8,61.4,2.2,174,2.3
CHICH_P1-51,49.5,48,51,389,-70.4309,134.1378,57.9,0.0731,0.0755,0.0339,0.0161,0,0.0008,0.0011,0.0004,0.0007,p1,CHIC-01,0,193.8,8.2,2.2,198.8,61.4,2.2,174,2.3
CHICH_P1-54,52.5,51,54,388,-70.4309,134.1378,61.1,0.0746,0.077,0.0346,0.035,0,0.0008,0.0011,0.0004,0.0007,p1,CHIC-01,0,193.8,8.2,2.2,198.8,61.4,2.2,174,2.3
CHICH_P1-57,55.5,54,57,388,-70.4309,134.1378,60.1,0.0799,0.0844,0.036,0.0366,0,0.0008,0.0011,0.0004,0.0007,p1,CHIC-01,0,193.8,8.2,2.2,198.8,61.4,2.2,174,2.3
CHICH_P1-60,58.5,57,60,391,-70.4309,134.1378,61.3,0.0753,0.0798,0.0338,0.0262,0,0.0008,0.0011,0.0004,0.0007,p1,CHIC-01,0,193.8,8.2,2.2,198.8,61.4,2.2,174,2.3
CHICH_P1-63,61.5,60,63,393,-70.4309,134.1378,58.8,0.074,0.0779,0.0335,0.0105,0,0.0012,0.0023,0.0002,0.0008,p1,CHIC-01,0,193.8,8.2,2.2,198.8,61.4,2.2,174,2.3
CHICH_P1-66,64.5,63,66,396,-70.4309,134.1378,57.2,0.0734,0.0789,0.0324,0.0101,0,0.0008,0.0011,0.0004,0.0007,p1,CHIC-01,0,193.8,8.2,2.2,198.8,61.4,2.2,174,2.3
CHICH_P1-69,67.5,66,69,399,-70.4309,134.1378,66.3,0.07,0.0732,0.032,0.0045,0,0.0008,0.0011,0.0004,0.0007,p1,CHIC-01,0,193.8,8.2,2.2,198.8,61.4,2.2,174,2.3
CHICH_P1-72,70.5,69,72,407,-70.4309,134.1378,67.7,0.0715,0.0768,0.0316,0.0165,0,0.0008,0.0011,0.0004,0.0007,p1,CHIC-01,0,193.8,8.2,2.2,198.8,61.4,2.2,174,2.3
CHICH_P1-75,73.5,72,75,416,-70.4309,134.1378,35.1,0.0586,0.065,0.0249,-0.017,0,0.0009,0.0016,0.0003,0.0016,p1,CHIC-01,0,193.8,8.2,2.2,198.8,61.4,2.2,174,2.3
CHICH_P1-78,76.5,75,78,421,-70.4309,134.1378,31.1,0.0659,0.0727,0.0281,-0.0109,0,0.0009,0.0016,0.0003,0.0016,p1,CHIC-01,0,193.8,8.2,2.2,198.8,61.4,2.2,174,2.3
CHICH_P1-81,79.5,78,81,424,-70.4309,134.1378,45,0.0646,0.069,0.0287,-0.0005,0,0.0012,0.0023,0.0002,0.0008,p1,CHIC-01,0,193.8,8.2,2.2,198.8,61.4,2.2,174,2.3
CHICH_P1-84,82.5,81,84,422,-70.4309,134.1378,59,0.0636,0.068,0.0282,0.009,0,0.0012,0.0023,0.0002,0.0008,p1,CHIC-01,0,193.8,8.2,2.2,198.8,61.4,2.2,174,2.3
CHICH_P1-87,85.5,84,87,420,-70.4309,134.1378,70.5,0.0682,0.071,0.0313,0.0178,0,0.0008,0.0011,0.0004,0.0007,p1,CHIC-01,0,193.8,8.2,2.2,198.8,61.4,2.2,174,2.3
CHICH_P1-90,88.5,87,90,432,-70.4309,134.1378,77,0.0684,0.0714,0.0312,0.0207,0,0.0008,0.0011,0.0004,0.0007,p1,CHIC-01,0,193.8,8.2,2.2,198.8,61.4,2.2,174,2.3
CHICH_P1-93,91.5,90,93,448,-70.4309,134.1378,83.9,0.0693,0.0733,0.0311,0.0185,0,0.0008,0.0011,0.0004,0.0007,p1,CHIC-01,0,193.8,8.2,2.2,198.8,61.4,2.2,174,2.3
CHICH_P1-96,94.5,93,96,443,-70.4309,134.1378,83.2,0.07,0.0769,0.03,0.0201,0,0.0008,0.0011,0.0004,0.0007,p1,CHIC-01,0,193.8,8.2,2.2,198.8,61.4,2.2,174,2.3
CHICH_P1-99,97.5,96,99,429,-70.4309,134.1378,77.7,0.0765,0.0822,0.0338,0.0332,0,0.0008,0.0011,0.0004,0.0007,p1,CHIC-01,0,193.8,8.2,2.2,198.8,61.4,2.2,174,2.3
CHICH_P1-00-est,0,0,0,NA,-70.4309,134.1378,264.2,0.0724,0.079,0.0313,-0.0185,0,NA,NA,NA,NA,skl,CHIC-01.p1,1,193.8,8.2,2.2,198.8,61.4,2.2,174,2.3
CHICH_P1-DL,69.75,40.5,99,NA,-70.4309,134.1378,62.6,0.0705,0.0742,0.0319,0.0228,0,0.0012,0.0023,0.0004,0.0016,dl,CHIC-01.p1,1,193.8,8.2,2.2,198.8,61.4,2.2,174,2.3
CHIC_SKL_23,0,0,0,NA,-70.4995,133.2643,285.2,0.0684,0.0755,0.0292,-0.0215,0,0.0005,0.0008,0.0003,0.0011,skl,CHIC-02,0,182.6,7.9,2.2,188.7,57.8,2.2,164.6,2.2
CHIC_SKL_01,0,0,0,NA,-70.5508,132.5058,156.7,0.065,0.0688,0.0293,-0.0181,0,0.0005,0.0008,0.0003,0.0011,skl,CHIC-03,0,168.3,7.4,2.1,175,50.4,2.1,151.8,2.2
CHIC_SKL_22,0,0,0,NA,-70.5975,131.6463,359.5,0.071,0.0763,0.0314,-0.0141,0,0.0005,0.0008,0.0003,0.0011,skl,CHIC-04,0,160.7,7.1,2.1,167.2,49.1,2.1,144.6,2.2
CHIC_DL_9,100,100,100,NA,-70.5975,131.6463,97.3,0.0642,0.0677,0.029,0.0296,0,0.0005,0.0008,0.0003,0.0011,dl,CHIC-04,0,160.7,7.1,2.1,167.2,49.1,2.1,144.6,2.2
CHIC_SKL_02,0,0,0,402,-70.6755,130.1723,251.6,0.0694,0.0714,0.0323,-0.0118,0,0.0005,0.0008,0.0003,0.0011,p2,CHIC-05,1,151.7,7,2,155.8,54.2,2,133.3,2.2
CHICH_P2-03,1.5,0,3,402,-70.6755,130.1723,71.5,0.083,0.0867,0.0379,0.0317,0,0.0008,0.0011,0.0004,0.0007,p2,CHIC-05,0,151.7,7,2,155.8,54.2,2,133.3,2.2
CHICH_P2-06,4.5,3,6,405,-70.6755,130.1723,58.7,0.0896,0.0953,0.0401,0.0488,0,0.0008,0.0011,0.0004,0.0007,p2,CHIC-05,0,151.7,7,2,155.8,54.2,2,133.3,2.2
CHICH_P2-09,7.5,6,9,408,-70.6755,130.1723,64.3,0.0897,0.0957,0.0399,0.0443,0,0.0008,0.0011,0.0004,0.0007,p2,CHIC-05,0,151.7,7,2,155.8,54.2,2,133.3,2.2
CHICH_P2-12,10.5,9,12,409,-70.6755,130.1723,55.1,0.0799,0.0833,0.0366,0.0452,0,0.0012,0.0023,0.0002,0.0008,p2,CHIC-05,0,151.7,7,2,155.8,54.2,2,133.3,2.2
CHICH_P2-15,13.5,12,15,409,-70.6755,130.1723,51,0.0742,0.0759,0.0347,0.0653,0,0.0008,0.0011,0.0004,0.0007,p2,CHIC-05,0,151.7,7,2,155.8,54.2,2,133.3,2.2
CHICH_P2-18,16.5,15,18,409,-70.6755,130.1723,50.5,0.0723,0.0749,0.0334,0.0644,0,0.0012,0.0023,0.0002,0.0008,p2,CHIC-05,0,151.7,7,2,155.8,54.2,2,133.3,2.2
CHICH_P2-21,19.5,18,21,410,-70.6755,130.1723,51.7,0.0756,0.0785,0.0348,0.0637,0,0.0008,0.0011,0.0004,0.0007,p2,CHIC-05,0,151.7,7,2,155.8,54.2,2,133.3,2.2
CHICH_P2-24,22.5,21,24,410,-70.6755,130.1723,52.7,0.0759,0.0801,0.0342,0.0636,0,0.0008,0.0011,0.0004,0.0007,p2,CHIC-05,0,151.7,7,2,155.8,54.2,2,133.3,2.2
CHICH_P2-27,25.5,24,27,410,-70.6755,130.1723,53,0.0776,0.0808,0.0356,0.0596,0,0.0008,0.0011,0.0004,0.0007,p2,CHIC-05,0,151.7,7,2,155.8,54.2,2,133.3,2.2
CHICH_P2-30,28.5,27,30,410,-70.6755,130.1723,54.3,0.0769,0.0798,0.0354,0.0571,0,0.0012,0.0023,0.0002,0.0008,p2,CHIC-05,0,151.7,7,2,155.8,54.2,2,133.3,2.2
CHICH_P2-33,31.5,30,33,407,-70.6755,130.1723,55.1,0.0714,0.0782,0.0307,0.0552,0,0.0012,0.0023,0.0002,0.0008,p2,CHIC-05,0,151.7,7,2,155.8,54.2,2,133.3,2.2
CHICH_P2-36,34.5,33,36,404,-70.6755,130.1723,56.2,0.0809,0.0849,0.0368,0.052,0,0.0008,0.0011,0.0004,0.0007,p2,CHIC-05,0,151.7,7,2,155.8,54.2,2,133.3,2.2
CHICH_P2-39,37.5,36,39,401,-70.6755,130.1723,56.2,0.0794,0.0832,0.0361,0.0481,0,0.0012,0.0023,0.0002,0.0008,p2,CHIC-05,0,151.7,7,2,155.8,54.2,2,133.3,2.2
CHICH_P2-42,40.5,39,42,398,-70.6755,130.1723,58.4,0.0814,0.0865,0.0364,0.0449,0,0.0008,0.0011,0.0004,0.0007,p2,CHIC-05,0,151.7,7,2,155.8,54.2,2,133.3,2.2
CHICH_P2-45,43.5,42,45,395,-70.6755,130.1723,59.5,0.0836,0.0894,0.0371,0.0411,0,0.0008,0.0011,0.0004,0.0007,p2,CHIC-05,0,151.7,7,2,155.8,54.2,2,133.3,2.2
CHICH_P2-48,46.5,45,48,392,-70.6755,130.1723,58,0.0811,0.0864,0.0362,0.036,0,0.0008,0.0011,0.0004,0.0007,p2,CHIC-05,0,151.7,7,2,155.8,54.2,2,133.3,2.2
CHICH_P2-51,49.5,48,51,389,-70.6755,130.1723,57.8,0.0814,0.0859,0.0367,0.0318,0,0.0008,0.0011,0.0004,0.0007,p2,CHIC-05,0,151.7,7,2,155.8,54.2,2,133.3,2.2
CHICH_P2-54,52.5,51,54,388,-70.6755,130.1723,60.7,0.0828,0.0882,0.0369,0.03,0,0.0008,0.0011,0.0004,0.0007,p2,CHIC-05,0,151.7,7,2,155.8,54.2,2,133.3,2.2
CHICH_P2-57,55.5,54,57,388,-70.6755,130.1723,55.5,0.0733,0.0794,0.032,0.0135,0,0.0008,0.0011,0.0004,0.0007,p2,CHIC-05,0,151.7,7,2,155.8,54.2,2,133.3,2.2
CHICH_P2-60,58.5,57,60,391,-70.6755,130.1723,55.6,0.0692,0.0752,0.0301,0.0064,0,0.0012,0.0023,0.0002,0.0008,p2,CHIC-05,0,151.7,7,2,155.8,54.2,2,133.3,2.2
CHICH_P2-63,61.5,60,63,393,-70.6755,130.1723,57.2,0.0674,0.0736,0.0291,0.005,0,0.0008,0.0011,0.0004,0.0007,p2,CHIC-05,0,151.7,7,2,155.8,54.2,2,133.3,2.2
CHICH_P2-66,64.5,63,66,396,-70.6755,130.1723,83.1,0.0625,0.0626,0.03,0.0419,0,0.0008,0.0011,0.0004,0.0007,p2,CHIC-05,0,151.7,7,2,155.8,54.2,2,133.3,2.2
CHICH_P2-69,67.5,66,69,399,-70.6755,130.1723,120.9,0.0632,0.0606,0.0317,0.0616,0,0.0008,0.0011,0.0004,0.0007,p2,CHIC-05,0,151.7,7,2,155.8,54.2,2,133.3,2.2
CHICH_P2-72,70.5,69,72,407,-70.6755,130.1723,86.7,0.0692,0.0685,0.0336,0.071,0,0.0008,0.0011,0.0004,0.0007,p2,CHIC-05,0,151.7,7,2,155.8,54.2,2,133.3,2.2
CHICH_P2-75,73.5,72,75,416,-70.6755,130.1723,68.6,0.0784,0.0804,0.0366,0.0816,0,0.0008,0.0011,0.0004,0.0007,p2,CHIC-05,0,151.7,7,2,155.8,54.2,2,133.3,2.2
CHICH_P2-78,76.5,75,78,421,-70.6755,130.1723,64.9,0.0768,0.0794,0.0355,0.0703,0,0.0008,0.0011,0.0004,0.0007,p2,CHIC-05,0,151.7,7,2,155.8,54.2,2,133.3,2.2
CHICH_P2-81,79.5,78,81,424,-70.6755,130.1723,58.1,0.0721,0.0757,0.0328,0.0484,0,0.0008,0.0011,0.0004,0.0007,p2,CHIC-05,0,151.7,7,2,155.8,54.2,2,133.3,2.2
CHICH_P2-84,82.5,81,84,422,-70.6755,130.1723,57.1,0.0625,0.0699,0.0262,0.039,0,0.0012,0.0023,0.0002,0.0008,p2,CHIC-05,0,151.7,7,2,155.8,54.2,2,133.3,2.2
CHICH_P2-87,85.5,84,87,420,-70.6755,130.1723,57.8,0.0672,0.0712,0.0301,0.0347,0,0.0008,0.0011,0.0004,0.0007,p2,CHIC-05,0,151.7,7,2,155.8,54.2,2,133.3,2.2
CHICH_P2-90,88.5,87,90,432,-70.6755,130.1723,64,0.0575,0.06,0.0263,0.0422,0,0.0008,0.0011,0.0004,0.0007,p2,CHIC-05,0,151.7,7,2,155.8,54.2,2,133.3,2.2
CHICH_P2-93,91.5,90,93,448,-70.6755,130.1723,63.3,0.058,0.0618,0.0259,0.04,0,0.0008,0.0011,0.0004,0.0007,p2,CHIC-05,0,151.7,7,2,155.8,54.2,2,133.3,2.2
CHICH_P2-96,94.5,93,96,443,-70.6755,130.1723,66.1,0.0572,0.0616,0.0252,0.0357,0,0.0008,0.0011,0.0004,0.0007,p2,CHIC-05,0,151.7,7,2,155.8,54.2,2,133.3,2.2
CHICH_P2-99,97.5,96,99,429,-70.6755,130.1723,68,0.058,0.0623,0.0256,0.0334,0,0.0008,0.0011,0.0004,0.0007,p2,CHIC-05,0,151.7,7,2,155.8,54.2,2,133.3,2.2
CHICH_P2-102,100.5,99,102,413,-70.6755,130.1723,68.4,0.0598,0.0643,0.0263,0.0326,0,0.0008,0.0011,0.0004,0.0007,p2,CHIC-05,0,151.7,7,2,155.8,54.2,2,133.3,2.2
CHIC_SKL_02,0,0,0,NA,-70.6755,130.1723,251.6,0.0694,0.0714,0.0323,-0.0118,0,0.0005,0.0008,0.0003,0.0011,skl,CHIC-05,0,151.7,7,2,155.8,54.2,2,133.3,2.2
CHIC_SKL_02,0,0,0,NA,-70.6755,130.1723,251.6,0.0694,0.0714,0.0323,-0.0118,0,0.0005,0.0008,0.0003,0.0011,skl,CHIC-05.p2,1,151.7,7,2,155.8,54.2,2,133.3,2.2
CHICH_P2-DL,85.5,69,102,NA,-70.6755,130.1723,65.7,0.0652,0.0686,0.0296,0.049,0,0.0012,0.0023,0.0004,0.0008,dl,CHIC-05.p2,1,151.7,7,2,155.8,54.2,2,133.3,2.2
CHIC_SKL_21,0,0,0,NA,-70.6998,129.8909,357.5,0.0727,0.0783,0.032,-0.009,0,0.0005,0.0008,0.0003,0.0011,skl,CHIC-06,0,153.6,7.1,2,157.5,54.8,2,135.1,2.2
CHIC_SKL_20,0,0,0,NA,-70.8039,128.2823,308,0.0777,0.0852,0.0334,-0.0013,0,0.0005,0.0008,0.0003,0.0011,skl,CHIC-07,0,170.4,7.8,2.1,172.3,51.9,2.1,151.4,2.3
CHIC_DL_8,100,100,100,NA,-70.8039,128.2823,84.6,0.0792,0.0848,0.0351,0.0508,0,0.0005,0.0008,0.0003,0.0011,dl,CHIC-07,0,170.4,7.8,2.1,172.3,51.9,2.1,151.4,2.3
CHIC_SKL_03,0,0,0,NA,-70.8265,127.9437,209.7,0.0701,0.0744,0.0314,-0.0129,0,0.0005,0.0008,0.0003,0.0011,skl,CHIC-08,0,172.2,7.8,2.1,173.7,50.3,2.1,153.1,2.3
CHIC_SKL_19,0,0,0,NA,-70.8668,127.408,248.2,0.0734,0.0786,0.0325,-0.0094,0,0.0005,0.0008,0.0003,0.0011,skl,CHIC-09,0,166.5,7.6,2.1,166.9,48.1,2.1,147.5,2.3
CHIC_SKL_18,0,0,0,NA,-70.979,125.8631,254.9,0.073,0.078,0.0325,-0.0037,0,0.0005,0.0008,0.0003,0.0011,skl,CHIC-10,0,142.8,6.8,2,140.2,52.3,2,123.2,2
CHIC_DL_7,100,100,100,NA,-70.979,125.8631,54.9,0.059,0.059,0.0284,0.0621,0,0.0005,0.0008,0.0003,0.0011,dl,CHIC-10,0,142.8,6.8,2,140.2,52.3,2,123.2,2
CHIC_SKL_04,0,0,0,402,-70.9981,125.3884,251.1,0.0698,0.0736,0.0315,-0.0039,0,0.0005,0.0008,0.0003,0.0011,p3,CHIC-11,1,138.7,6.7,2,135.3,54.9,2,119.4,2
CHICH_P3-03,1.5,0,3,402,-70.9981,125.3884,99.1,0.0816,0.0853,0.0372,0.0359,0,0.0008,0.0011,0.0004,0.0007,p3,CHIC-11,0,138.7,6.7,2,135.3,54.9,2,119.4,2
CHICH_P3-06,4.5,3,6,405,-70.9981,125.3884,83.7,0.0867,0.0925,0.0386,0.0408,0,0.0008,0.0011,0.0004,0.0007,p3,CHIC-11,0,138.7,6.7,2,135.3,54.9,2,119.4,2
CHICH_P3-09,7.5,6,9,408,-70.9981,125.3884,86.1,0.0887,0.0946,0.0395,0.0383,0,0.0008,0.0011,0.0004,0.0007,p3,CHIC-11,0,138.7,6.7,2,135.3,54.9,2,119.4,2
CHICH_P3-12,10.5,9,12,409,-70.9981,125.3884,92.3,0.0867,0.0927,0.0385,0.0377,0,0.0008,0.0011,0.0004,0.0007,p3,CHIC-11,0,138.7,6.7,2,135.3,54.9,2,119.4,2
CHICH_P3-15,13.5,12,15,409,-70.9981,125.3884,94.9,0.09,0.0965,0.0398,0.0349,0,0.0008,0.0011,0.0004,0.0007,p3,CHIC-11,0,138.7,6.7,2,135.3,54.9,2,119.4,2
CHICH_P3-18,16.5,15,18,409,-70.9981,125.3884,91.6,0.0871,0.0946,0.038,0.0278,0,0.0008,0.0011,0.0004,0.0007,p3,CHIC-11,0,138.7,6.7,2,135.3,54.9,2,119.4,2
CHICH_P3-21,19.5,18,21,410,-70.9981,125.3884,95.1,0.0699,0.0725,0.0321,0.0272,0,0.0008,0.0011,0.0004,0.0007,p3,CHIC-11,0,138.7,6.7,2,135.3,54.9,2,119.4,2
CHICH_P3-24,22.5,21,24,410,-70.9981,125.3884,126.3,0.0628,0.0621,0.0306,0.0302,0,0.0008,0.0011,0.0004,0.0007,p3,CHIC-11,0,138.7,6.7,2,135.3,54.9,2,119.4,2
CHICH_P3-27,25.5,24,27,410,-70.9981,125.3884,125.7,0.064,0.0649,0.0302,0.0257,0,0.0008,0.0011,0.0004,0.0007,p3,CHIC-11,0,138.7,6.7,2,135.3,54.9,2,119.4,2
CHICH_P3-30,28.5,27,30,410,-70.9981,125.3884,115,0.0636,0.0648,0.0299,0.0286,0,0.0008,0.0011,0.0004,0.0007,p3,CHIC-11,0,138.7,6.7,2,135.3,54.9,2,119.4,2
CHICH_P3-33,31.5,30,33,407,-70.9981,125.3884,96.9,0.0681,0.0691,0.0322,0.0458,0,0.0008,0.0011,0.0004,0.0007,p3,CHIC-11,0,138.7,6.7,2,135.3,54.9,2,119.4,2
CHICH_P3-36,34.5,33,36,404,-70.9981,125.3884,71.2,0.0776,0.0784,0.0368,0.0748,0,0.0008,0.0011,0.0004,0.0007,p3,CHIC-11,0,138.7,6.7,2,135.3,54.9,2,119.4,2
CHICH_P3-39,37.5,36,39,401,-70.9981,125.3884,45.5,0.0696,0.072,0.0321,0.0438,0,0.0012,0.0023,0.0002,0.0008,p3,CHIC-11,0,138.7,6.7,2,135.3,54.9,2,119.4,2
CHICH_P3-42,40.5,39,42,398,-70.9981,125.3884,46.9,0.066,0.0684,0.0304,0.0267,0,0.0012,0.0023,0.0002,0.0008,p3,CHIC-11,0,138.7,6.7,2,135.3,54.9,2,119.4,2
CHICH_P3-45,43.5,42,45,395,-70.9981,125.3884,36.9,0.0669,0.0694,0.0308,0.0324,0,0.0012,0.0023,0.0002,0.0008,p3,CHIC-11,0,138.7,6.7,2,135.3,54.9,2,119.4,2
CHICH_P3-48,46.5,45,48,392,-70.9981,125.3884,49.2,NA,NA,NA,0.0187,0,0.0012,0.0023,0.0002,0.0008,p3,CHIC-11,0,138.7,6.7,2,135.3,54.9,2,119.4,2
CHICH_P3-51,49.5,48,51,389,-70.9981,125.3884,45.8,0.0668,0.0726,0.0291,0.0189,0,0.0009,0.0016,0.0003,0.0016,p3,CHIC-11,0,138.7,6.7,2,135.3,54.9,2,119.4,2
CHICH_P3-54,52.5,51,54,388,-70.9981,125.3884,57,0.0679,0.0718,0.0305,0.0218,0,0.0012,0.0023,0.0002,0.0008,p3,CHIC-11,0,138.7,6.7,2,135.3,54.9,2,119.4,2
CHICH_P3-57,55.5,54,57,388,-70.9981,125.3884,57.1,0.0685,0.0734,0.0303,0.0202,0,0.0012,0.0023,0.0002,0.0008,p3,CHIC-11,0,138.7,6.7,2,135.3,54.9,2,119.4,2
CHICH_P3-60,58.5,57,60,391,-70.9981,125.3884,68.1,0.0664,0.0702,0.0299,0.022,0,0.0012,0.0023,0.0002,0.0008,p3,CHIC-11,0,138.7,6.7,2,135.3,54.9,2,119.4,2
CHICH_P3-63,61.5,60,63,393,-70.9981,125.3884,103.7,0.0638,0.0648,0.0301,0.0373,0,0.0008,0.0011,0.0004,0.0007,p3,CHIC-11,0,138.7,6.7,2,135.3,54.9,2,119.4,2
CHICH_P3-66,64.5,63,66,396,-70.9981,125.3884,98.7,0.0629,0.0637,0.0298,0.0407,0,0.0008,0.0011,0.0004,0.0007,p3,CHIC-11,0,138.7,6.7,2,135.3,54.9,2,119.4,2
CHICH_P3-69,67.5,66,69,399,-70.9981,125.3884,80.8,0.0618,0.0638,0.0287,0.0298,0,0.0008,0.0011,0.0004,0.0007,p3,CHIC-11,0,138.7,6.7,2,135.3,54.9,2,119.4,2
CHICH_P3-72,70.5,69,72,407,-70.9981,125.3884,53,0.0601,0.0646,0.0266,0.0148,0,0.0012,0.0023,0.0002,0.0008,p3,CHIC-11,0,138.7,6.7,2,135.3,54.9,2,119.4,2
CHICH_P3-75,73.5,72,75,416,-70.9981,125.3884,50.7,0.063,0.0674,0.0279,0.0147,0,0.0012,0.0023,0.0002,0.0008,p3,CHIC-11,0,138.7,6.7,2,135.3,54.9,2,119.4,2
CHICH_P3-78,76.5,75,78,421,-70.9981,125.3884,48.6,0.0642,0.068,0.0289,0.0311,0,0.0012,0.0023,0.0002,0.0008,p3,CHIC-11,0,138.7,6.7,2,135.3,54.9,2,119.4,2
CHICH_P3-81,79.5,78,81,424,-70.9981,125.3884,45.3,0.0616,0.0658,0.0274,0.0319,0,0.0012,0.0023,0.0002,0.0008,p3,CHIC-11,0,138.7,6.7,2,135.3,54.9,2,119.4,2
CHICH_P3-84,82.5,81,84,422,-70.9981,125.3884,53.3,0.0629,0.0674,0.0279,0.0288,0,0.0012,0.0023,0.0002,0.0008,p3,CHIC-11,0,138.7,6.7,2,135.3,54.9,2,119.4,2
CHICH_P3-87,85.5,84,87,420,-70.9981,125.3884,53.5,0.0646,0.0692,0.0286,0.026,0,0.0012,0.0023,0.0002,0.0008,p3,CHIC-11,0,138.7,6.7,2,135.3,54.9,2,119.4,2
CHICH_P3-90,88.5,87,90,432,-70.9981,125.3884,62.1,0.0674,0.0722,0.0298,0.035,0,0.0008,0.0011,0.0004,0.0007,p3,CHIC-11,0,138.7,6.7,2,135.3,54.9,2,119.4,2
CHICH_P3-93,91.5,90,93,448,-70.9981,125.3884,59.9,0.0614,0.0652,0.0275,0.0253,0,0.0008,0.0011,0.0004,0.0007,p3,CHIC-11,0,138.7,6.7,2,135.3,54.9,2,119.4,2
CHICH_P3-96,94.5,93,96,443,-70.9981,125.3884,52.7,NA,NA,NA,0.0267,0,0.0009,0.0016,0.0003,0.0016,p3,CHIC-11,0,138.7,6.7,2,135.3,54.9,2,119.4,2
CHICH_P3-99,97.5,96,99,429,-70.9981,125.3884,51.7,0.0572,0.0609,0.0255,0.0218,0,0.0012,0.0023,0.0002,0.0008,p3,CHIC-11,0,138.7,6.7,2,135.3,54.9,2,119.4,2
CHICH_P3-102,100.5,99,102,413,-70.9981,125.3884,57,0.057,0.0606,0.0256,0.021,0,0.0012,0.0023,0.0002,0.0008,p3,CHIC-11,0,138.7,6.7,2,135.3,54.9,2,119.4,2
CHIC_SKL_04,0,0,0,NA,-70.9981,125.3884,251.1,0.0698,0.0736,0.0315,-0.0039,0,0.0005,0.0008,0.0003,0.0011,skl,CHIC-11,0,138.7,6.7,2,135.3,54.9,2,119.4,2
CHIC_SKL_04,0,0,0,NA,-70.9981,125.3884,251.1,0.0698,0.0736,0.0315,-0.0039,0,0.0005,0.0008,0.0003,0.0011,skl,CHIC-11.p3,1,138.7,6.7,2,135.3,54.9,2,119.4,2
CHICH_P3-DL,76.5,60,93,NA,-70.9981,125.3884,64.5,0.0631,0.0662,0.0287,0.0302,0,0.0012,0.0023,0.0004,0.0008,dl,CHIC-11.p3,1,138.7,6.7,2,135.3,54.9,2,119.4,2
CHIC_SKL_17,0,0,0,NA,-71.0702,124.4738,198.2,0.073,0.0767,0.0331,0.0029,0,0.0005,0.0008,0.0003,0.0011,skl,CHIC-12,0,131.7,6.7,2,126.4,61.7,2,112.4,2
CHIC_SKL_16,0,0,0,NA,-71.1369,122.9738,191.2,0.0746,0.0791,0.0335,0.0044,0,0.0005,0.0008,0.0003,0.0011,skl,CHIC-13,0,134.4,7.4,2,125.9,72.6,2,114,2
CHIC_DL_6,100,100,100,NA,-71.1369,122.9738,90.4,0.0639,0.0663,0.0294,0.0416,0,0.0005,0.0008,0.0003,0.0011,dl,CHIC-13,0,134.4,7.4,2,125.9,72.6,2,114,2
CHIC_SKL_15,0,0,0,NA,-71.1745,121.232,314.5,0.0713,0.0757,0.032,-0.0076,0,0.0005,0.0008,0.0003,0.0011,skl,CHIC-14,0,142.5,7.9,2,131.2,73.8,2,121.5,2.1
CHIC_SKL_14,0,0,0,NA,-71.1449,119.5344,298.7,0.073,0.0785,0.0322,-0.015,0,0.0005,0.0008,0.0003,0.0011,skl,CHIC-15,0,150.5,8.5,2.1,137.2,68.8,2.1,129.3,2
CHIC_DL_5,100,100,100,NA,-71.1449,119.5344,72.6,0.065,0.0685,0.0293,0.0348,0,0.0005,0.0008,0.0003,0.0011,dl,CHIC-15,0,150.5,8.5,2.1,137.2,68.8,2.1,129.3,2
CHIC_SKL_13,0,0,0,NA,-71.1257,117.7986,124.4,0.0726,0.0785,0.0318,-0.0157,0,0.0005,0.0008,0.0003,0.0011,skl,CHIC-16,0,154.6,8.7,2.1,141.3,60.8,2.1,136.3,2
CHIC_SKL_05,0,0,0,NA,-71.1549,116.607,326.1,0.0663,0.0679,0.031,-0.0056,0,0.0005,0.0008,0.0003,0.0011,skl,CHIC-17,0,149,8.5,2,136.4,54.1,2,133.3,1.9
CHIC_SKL_12,0,0,0,NA,-71.1651,116.1506,153.8,0.0692,0.0743,0.0306,-0.0177,0,0.0005,0.0008,0.0003,0.0011,skl,CHIC-18,0,146.1,8.4,2,133.6,52.2,2,130.9,1.9
CHIC_DL_4,100,100,100,NA,-71.1651,116.1506,80,0.0746,0.078,0.0341,0.0253,0,0.0005,0.0008,0.0003,0.0011,dl,CHIC-18,0,146.1,8.4,2,133.6,52.2,2,130.9,1.9
CHIC_SKL_11,0,0,0,NA,-71.1572,114.8263,166.3,0.0713,0.0767,0.0314,-0.013,0,0.0005,0.0008,0.0003,0.0011,skl,CHIC-19,0,145.7,8.4,2,132.6,47.9,2,130,1.9
CHIC_SKL_10,0,0,0,NA,-71.2116,113.9273,268.4,0.0684,0.0716,0.0312,-0.0033,0,0.0005,0.0008,0.0003,0.0011,skl,CHIC-20,0,143.3,8.3,2,129.8,45.1,2,126,1.8
CHIC_DL_3,100,100,100,NA,-71.2116,113.9273,78.3,0.0818,0.0871,0.0365,0.0585,0,0.0005,0.0008,0.0003,0.0011,dl,CHIC-20,0,143.3,8.3,2,129.8,45.1,2,126,1.8
CHIC_SKL_06,0,0,0,NA,-71.2102,113.7398,501.2,0.0631,0.0668,0.0284,-0.0173,0,0.0005,0.0008,0.0003,0.0011,skl,CHIC-21,0,142.8,8.3,2,129,44.9,2,125.2,1.8
CHIC_SKL_09,0,0,0,NA,-71.1979,112.6573,265.1,0.0657,0.0692,0.0297,-0.0151,0,0.0005,0.0008,0.0003,0.0011,skl,CHIC-22,0,138.1,8.1,2,123.9,41.7,2,121.1,1.8
