distance.km,plot.dist.mean,smb.mar.2011_2013,smb.mar.error.2011_2013,smb.mar.1979_2021,smb.mar.error.1979_2021,smb.mar.2013,smb.mar.error.2013
1,1,198.8,2.4,193.8,2.2,174.0,2.3
2,1.5,198.7,2.4,193.7,2.2,174.0,2.3
3,2.5,198.6,2.4,193.6,2.2,173.9,2.3
4,3.5,198.6,2.4,193.5,2.2,173.8,2.3
5,4.5,198.4,2.4,193.4,2.2,173.7,2.2
6,5.5,198.3,2.4,193.2,2.2,173.6,2.2
7,6.5,198.2,2.4,193.0,2.2,173.5,2.2
8,7.5,198,2.4,192.9,2.2,173.4,2.2
9,8.5,197.9,2.4,192.7,2.2,173.2,2.2
10,9.5,197.7,2.4,192.4,2.2,173.0,2.2
11,10.5,197.5,2.4,192.2,2.2,172.9,2.2
12,11.5,197.3,2.4,192.0,2.2,172.7,2.2
13,12.5,197.1,2.4,191.7,2.2,172.5,2.2
14,13.5,196.8,2.4,191.5,2.2,172.3,2.2
15,14.5,196.6,2.4,191.2,2.2,172.0,2.2
16,15.5,196.3,2.4,190.9,2.2,171.8,2.2
17,16.5,196.1,2.4,190.6,2.2,171.5,2.2
18,17.5,195.8,2.4,190.2,2.2,171.3,2.2
19,18.5,195.5,2.4,189.9,2.2,171.0,2.2
20,19.5,195.1,2.4,189.6,2.2,170.7,2.2
21,20.5,194.8,2.4,189.2,2.2,170.4,2.2
22,21.5,194.4,2.4,188.8,2.2,170.0,2.2
23,22.5,194.1,2.4,188.4,2.2,169.7,2.2
24,23.5,193.7,2.4,188.0,2.2,169.4,2.2
25,24.5,193.3,2.4,187.6,2.2,169.0,2.2
26,25.5,192.9,2.3,187.1,2.2,168.6,2.2
27,26.5,192.5,2.3,186.7,2.2,168.2,2.2
28,27.5,192.1,2.3,186.2,2.2,167.8,2.2
29,28.5,191.6,2.3,185.7,2.2,167.4,2.2
30,29.5,191.1,2.3,185.2,2.2,166.9,2.2
31,30.5,190.6,2.3,184.6,2.2,166.4,2.2
32,31.5,190,2.3,184.1,2.2,165.9,2.2
33,32.5,189.5,2.3,183.5,2.2,165.4,2.2
34,33.5,189,2.3,183.0,2.2,164.9,2.2
35,34.5,188.5,2.3,182.4,2.2,164.4,2.2
36,35.5,187.9,2.3,181.9,2.2,163.9,2.2
37,36.5,187.4,2.3,181.3,2.2,163.4,2.2
38,37.5,186.9,2.3,180.8,2.2,162.9,2.2
39,38.5,186.4,2.3,180.3,2.2,162.4,2.2
40,39.5,185.9,2.3,179.7,2.2,162.0,2.2
41,40.5,185.4,2.3,179.2,2.2,161.5,2.2
42,41.5,184.9,2.3,178.7,2.2,161.0,2.2
43,42.5,184.4,2.2,178.2,2.2,160.5,2.2
44,43.5,183.9,2.2,177.7,2.2,160.1,2.2
45,44.5,183.4,2.2,177.1,2.2,159.6,2.2
46,45.5,182.9,2.2,176.6,2.2,159.2,2.2
47,46.5,182.5,2.2,176.1,2.2,158.7,2.2
48,47.5,182,2.2,175.6,2.2,158.3,2.2
49,48.5,181.5,2.2,175.1,2.1,157.8,2.2
50,49.5,181,2.2,174.6,2.1,157.4,2.2
51,50.5,180.5,2.2,174.1,2.1,156.9,2.2
52,51.5,180.1,2.2,173.6,2.1,156.5,2.2
53,52.5,179.6,2.3,173.2,2.1,156.1,2.2
54,53.5,179.1,2.3,172.7,2.1,155.6,2.2
55,54.5,178.7,2.3,172.2,2.1,155.2,2.2
56,55.5,178.2,2.3,171.7,2.1,154.8,2.2
57,56.5,177.8,2.3,171.2,2.1,154.4,2.2
58,57.5,177.3,2.3,170.8,2.1,154.0,2.2
59,58.5,176.9,2.3,170.3,2.1,153.6,2.2
60,59.5,176.4,2.3,169.8,2.1,153.2,2.2
61,60.5,176,2.3,169.4,2.1,152.8,2.2
62,61.5,175.6,2.3,168.9,2.1,152.4,2.2
63,62.5,175.1,2.3,168.4,2.1,152.0,2.2
64,63.5,174.7,2.3,168.0,2.1,151.6,2.2
65,64.5,174.3,2.3,167.5,2.1,151.2,2.2
66,65.5,173.9,2.3,167.1,2.1,150.8,2.2
67,66.5,173.4,2.3,166.7,2.1,150.5,2.2
68,67.5,173,2.3,166.2,2.1,150.1,2.2
69,68.5,172.8,2.3,165.9,2.1,149.9,2.2
70,69.5,172.5,2.3,165.7,2.1,149.6,2.2
71,70.5,172.3,2.3,165.4,2.1,149.4,2.2
72,71.5,172.1,2.3,165.2,2.1,149.2,2.2
73,72.5,171.9,2.3,165.0,2.1,149.1,2.2
74,73.5,171.7,2.3,164.9,2.1,148.9,2.2
75,74.5,171.5,2.3,164.7,2.1,148.7,2.2
76,75.5,171.3,2.3,164.5,2.1,148.5,2.2
77,76.5,171.1,2.3,164.3,2.1,148.3,2.2
78,77.5,171,2.3,164.1,2.1,148.1,2.2
79,78.5,170.8,2.3,163.9,2.1,147.9,2.2
80,79.5,170.6,2.3,163.7,2.1,147.7,2.2
81,80.5,170.4,2.3,163.6,2.1,147.5,2.2
82,81.5,170.2,2.3,163.4,2.1,147.3,2.2
83,82.5,170,2.3,163.2,2.1,147.2,2.2
84,83.5,169.7,2.3,163.0,2.1,147.0,2.2
85,84.5,169.5,2.3,162.8,2.1,146.8,2.2
86,85.5,169.3,2.3,162.6,2.1,146.6,2.2
87,86.5,169.1,2.3,162.4,2.1,146.4,2.2
88,87.5,168.9,2.3,162.2,2.1,146.2,2.2
89,88.5,168.7,2.3,162.0,2.1,146.0,2.2
90,89.5,168.5,2.3,161.8,2.1,145.8,2.2
91,90.5,168.3,2.3,161.6,2.1,145.6,2.2
92,91.5,168.1,2.3,161.4,2.1,145.4,2.2
93,92.5,167.8,2.3,161.2,2.1,145.2,2.2
94,93.5,167.6,2.3,161.0,2.1,145.0,2.2
95,94.5,167.4,2.3,160.8,2.1,144.8,2.2
96,95.5,167.2,2.3,160.6,2.1,144.6,2.2
97,96.5,166.9,2.2,160.4,2.1,144.4,2.2
98,97.5,166.7,2.2,160.2,2.1,144.2,2.2
99,98.5,166.5,2.2,160.0,2.1,143.9,2.2
100,99.5,166.2,2.2,159.8,2.1,143.7,2.2
101,100.5,166,2.2,159.6,2.1,143.5,2.2
102,101.5,165.7,2.2,159.4,2.1,143.3,2.2
103,102.5,165.5,2.2,159.2,2.1,143.1,2.2
104,103.5,165.2,2.2,158.9,2.1,142.9,2.2
105,104.5,165,2.2,158.7,2.1,142.6,2.2
106,105.5,164.8,2.2,158.5,2.1,142.4,2.1
107,106.5,164.5,2.2,158.3,2.1,142.2,2.1
108,107.5,164.3,2.2,158.1,2.1,142.0,2.1
109,108.5,164,2.2,157.8,2.1,141.8,2.1
110,109.5,163.7,2.2,157.6,2.1,141.5,2.1
111,110.5,163.5,2.2,157.4,2.0,141.3,2.1
112,111.5,163.2,2.2,157.2,2.0,141.1,2.1
113,112.5,163,2.2,157.0,2.0,140.9,2.1
114,113.5,162.8,2.2,156.8,2.0,140.7,2.1
115,114.5,162.5,2.2,156.6,2.0,140.4,2.1
116,115.5,162.3,2.2,156.4,2.0,140.2,2.1
117,116.5,162.1,2.2,156.3,2.0,140.0,2.1
118,117.5,161.9,2.2,156.1,2.0,139.8,2.1
119,118.5,161.6,2.2,155.9,2.0,139.5,2.1
120,119.5,161.4,2.2,155.7,2.0,139.3,2.1
121,120.5,161.2,2.2,155.5,2.0,139.1,2.1
122,121.5,161,2.2,155.4,2.0,138.8,2.1
123,122.5,160.7,2.2,155.2,2.0,138.6,2.1
124,123.5,160.5,2.2,155.0,2.0,138.4,2.1
125,124.5,160.3,2.2,154.8,2.0,138.1,2.1
126,125.5,160.1,2.2,154.7,2.0,137.9,2.1
127,126.5,159.8,2.2,154.5,2.0,137.7,2.1
128,127.5,159.6,2.2,154.3,2.0,137.4,2.1
129,128.5,159.4,2.2,154.1,2.0,137.2,2.1
130,129.5,159.2,2.2,154.0,2.0,137.0,2.2
131,130.5,158.9,2.2,153.8,2.0,136.7,2.2
132,131.5,158.7,2.3,153.6,2.0,136.5,2.2
133,132.5,158.5,2.3,153.4,2.0,136.3,2.2
134,133.5,158.3,2.3,153.3,2.0,136.0,2.2
135,134.5,158.1,2.3,153.2,2.0,135.9,2.2
136,135.5,158,2.3,153.1,2.0,135.7,2.2
137,136.5,157.9,2.3,153.0,2.0,135.5,2.2
138,137.5,157.7,2.3,152.9,2.0,135.4,2.2
139,138.5,157.6,2.3,152.8,2.0,135.2,2.2
140,139.5,157.4,2.3,152.7,2.0,135.1,2.2
141,140.5,157.3,2.3,152.6,2.0,134.9,2.2
142,141.5,157.1,2.3,152.5,2.0,134.7,2.2
143,142.5,157,2.3,152.5,2.0,134.6,2.2
144,143.5,156.9,2.3,152.4,2.0,134.4,2.2
145,144.5,156.7,2.3,152.3,2.0,134.3,2.2
146,145.5,156.6,2.3,152.2,2.0,134.1,2.2
147,146.5,156.4,2.3,152.1,2.0,134.0,2.2
148,147.5,156.3,2.3,152.0,2.0,133.8,2.2
149,148.5,156.1,2.3,151.9,2.0,133.7,2.2
150,149.5,156,2.3,151.8,2.0,133.5,2.2
151,150.5,155.8,2.3,151.7,2.0,133.4,2.2
152,151.5,155.6,2.3,151.5,2.0,133.1,2.2
153,152.5,155.4,2.3,151.3,2.0,132.9,2.2
154,153.5,155.5,2.3,151.5,2.0,133.0,2.2
155,154.5,155.8,2.3,151.7,2.0,133.3,2.2
156,155.5,156,2.3,152.0,2.0,133.6,2.2
157,156.5,156.3,2.3,152.3,2.0,133.8,2.2
158,157.5,156.5,2.3,152.5,2.0,134.1,2.2
159,158.5,156.8,2.4,152.8,2.0,134.4,2.2
160,159.5,157,2.4,153.1,2.0,134.6,2.2
161,160.5,157.3,2.4,153.3,2.0,134.9,2.2
162,161.5,157.5,2.4,153.6,2.0,135.2,2.2
163,162.5,157.8,2.4,153.9,2.1,135.4,2.2
164,163.5,158.1,2.4,154.2,2.1,135.7,2.2
165,164.5,158.3,2.4,154.5,2.1,136.0,2.2
166,165.5,158.6,2.4,154.8,2.1,136.3,2.2
167,166.5,158.9,2.4,155.1,2.1,136.6,2.2
168,167.5,159.2,2.4,155.4,2.1,136.9,2.2
169,168.5,159.5,2.4,155.7,2.1,137.2,2.2
170,169.5,159.7,2.4,156.1,2.1,137.5,2.2
171,170.5,160,2.4,156.4,2.1,137.8,2.2
172,171.5,160.3,2.4,156.7,2.1,138.1,2.2
173,172.5,160.6,2.4,157.0,2.1,138.4,2.3
174,173.5,160.9,2.4,157.3,2.1,138.7,2.3
175,174.5,161.2,2.4,157.6,2.1,139.0,2.3
176,175.5,161.5,2.4,157.9,2.1,139.3,2.3
177,176.5,161.7,2.4,158.3,2.1,139.7,2.3
178,177.5,162,2.4,158.6,2.1,140.0,2.3
179,178.5,162.3,2.4,158.9,2.1,140.3,2.3
180,179.5,162.6,2.4,159.2,2.1,140.6,2.3
181,180.5,162.9,2.4,159.6,2.1,140.9,2.3
182,181.5,163.2,2.4,159.9,2.1,141.2,2.3
183,182.5,163.5,2.4,160.2,2.1,141.5,2.3
184,183.5,163.8,2.5,160.6,2.1,141.9,2.3
185,184.5,164.1,2.5,160.9,2.1,142.2,2.3
186,185.5,164.4,2.5,161.2,2.1,142.5,2.3
187,186.5,164.7,2.5,161.6,2.1,142.8,2.3
188,187.5,165,2.5,161.9,2.1,143.1,2.3
189,188.5,165.3,2.5,162.2,2.1,143.5,2.3
190,189.5,165.6,2.5,162.6,2.1,143.8,2.3
191,190.5,165.9,2.5,162.9,2.1,144.1,2.3
192,191.5,166.2,2.5,163.3,2.1,144.5,2.3
193,192.5,166.4,2.5,163.6,2.1,144.7,2.3
194,193.5,166.6,2.5,163.8,2.1,144.9,2.3
195,194.5,166.8,2.5,164.0,2.1,145.1,2.3
196,195.5,167,2.5,164.2,2.1,145.3,2.3
197,196.5,167.1,2.5,164.4,2.1,145.5,2.3
198,197.5,167.3,2.5,164.6,2.1,145.7,2.3
199,198.5,167.5,2.5,164.8,2.1,145.9,2.3
200,199.5,167.7,2.5,165.1,2.1,146.1,2.3
201,200.5,167.8,2.5,165.3,2.1,146.3,2.3
202,201.5,168,2.5,165.5,2.1,146.5,2.3
203,202.5,168.2,2.5,165.7,2.1,146.7,2.3
204,203.5,168.4,2.5,165.9,2.1,146.9,2.3
205,204.5,168.6,2.5,166.1,2.1,147.1,2.3
206,205.5,168.7,2.5,166.3,2.1,147.3,2.3
207,206.5,168.9,2.6,166.5,2.1,147.5,2.3
208,207.5,169.1,2.6,166.8,2.1,147.8,2.3
209,208.5,169.4,2.6,167.0,2.1,148.1,2.3
210,209.5,169.6,2.6,167.3,2.1,148.3,2.3
211,210.5,169.8,2.6,167.6,2.1,148.6,2.3
212,211.5,170.1,2.6,167.8,2.1,148.9,2.3
213,212.5,170.3,2.6,168.1,2.1,149.1,2.3
214,213.5,170.5,2.6,168.3,2.1,149.4,2.3
215,214.5,170.7,2.6,168.6,2.1,149.6,2.3
216,215.5,171,2.6,168.9,2.1,149.9,2.3
217,216.5,171.2,2.6,169.1,2.1,150.1,2.3
218,217.5,171.4,2.6,169.4,2.1,150.4,2.3
219,218.5,171.6,2.6,169.6,2.1,150.6,2.3
220,219.5,171.9,2.6,169.9,2.1,150.9,2.3
221,220.5,172.1,2.6,170.1,2.1,151.1,2.3
222,221.5,172.3,2.6,170.4,2.1,151.4,2.3
223,222.5,172.5,2.6,170.6,2.1,151.6,2.3
224,223.5,172.7,2.6,170.8,2.1,151.8,2.3
225,224.5,172.9,2.6,171.1,2.1,152.1,2.3
226,225.5,173.1,2.6,171.3,2.1,152.3,2.3
227,226.5,173.3,2.6,171.5,2.1,152.5,2.3
228,227.5,173.5,2.6,171.8,2.1,152.7,2.3
229,228.5,173.7,2.6,172.0,2.1,153.0,2.3
230,229.5,173.9,2.6,172.2,2.1,153.2,2.3
231,230.5,174.1,2.6,172.5,2.1,153.4,2.3
232,231.5,174.3,2.6,172.7,2.1,153.6,2.3
233,232.5,174.1,2.6,172.6,2.1,153.5,2.3
234,233.5,173.9,2.5,172.4,2.1,153.3,2.3
235,234.5,173.6,2.5,172.2,2.1,153.1,2.3
236,235.5,173.3,2.5,171.9,2.1,152.9,2.3
237,236.5,173,2.5,171.7,2.1,152.6,2.3
238,237.5,172.7,2.5,171.4,2.1,152.4,2.3
239,238.5,172.4,2.5,171.2,2.1,152.1,2.3
240,239.5,172.1,2.5,170.9,2.1,151.9,2.3
241,240.5,171.8,2.5,170.7,2.1,151.6,2.3
242,241.5,171.5,2.5,170.4,2.1,151.4,2.3
243,242.5,171.2,2.5,170.1,2.1,151.1,2.3
244,243.5,170.8,2.5,169.9,2.1,150.8,2.3
245,244.5,170.5,2.5,169.6,2.1,150.6,2.3
246,245.5,170.2,2.5,169.3,2.1,150.3,2.3
247,246.5,169.8,2.5,169.0,2.1,150.0,2.3
248,247.5,169.5,2.5,168.7,2.1,149.7,2.3
249,248.5,169.1,2.5,168.4,2.1,149.4,2.3
250,249.5,168.8,2.5,168.1,2.1,149.1,2.3
251,250.5,168.4,2.5,167.8,2.1,148.8,2.3
252,251.5,168.1,2.5,167.5,2.1,148.5,2.3
253,252.5,167.7,2.5,167.2,2.1,148.2,2.3
254,253.5,167.3,2.5,166.8,2.1,147.9,2.3
255,254.5,167,2.5,166.5,2.1,147.6,2.3
256,255.5,166.6,2.5,166.2,2.1,147.2,2.3
257,256.5,166.2,2.5,165.8,2.1,146.9,2.3
258,257.5,165.8,2.5,165.5,2.1,146.6,2.3
259,258.5,165.4,2.5,165.1,2.1,146.2,2.3
260,259.5,165,2.5,164.8,2.1,145.9,2.3
261,260.5,164.6,2.5,164.4,2.1,145.5,2.3
262,261.5,164.2,2.5,164.0,2.1,145.2,2.3
263,262.5,163.7,2.5,163.7,2.1,144.8,2.3
264,263.5,163.3,2.5,163.3,2.1,144.4,2.3
265,264.5,162.9,2.5,162.9,2.1,144.1,2.3
266,265.5,162.5,2.5,162.5,2.1,143.7,2.3
267,266.5,162,2.5,162.1,2.1,143.3,2.3
268,267.5,161.6,2.5,161.7,2.1,142.9,2.3
269,268.5,161.1,2.5,161.3,2.1,142.5,2.3
270,269.5,160.7,2.5,160.9,2.1,142.2,2.3
271,270.5,160.2,2.5,160.5,2.1,141.7,2.3
272,271.5,159.8,2.5,160.1,2.1,141.3,2.3
273,272.5,159.3,2.5,159.7,2.1,140.9,2.3
274,273.5,158.8,2.5,159.3,2.1,140.4,2.3
275,274.5,158.4,2.5,158.9,2.1,140.0,2.3
276,275.5,157.9,2.4,158.4,2.1,139.5,2.3
277,276.5,157.4,2.4,158.0,2.1,139.1,2.3
278,277.5,156.9,2.4,157.6,2.1,138.6,2.2
279,278.5,156.4,2.4,157.2,2.1,138.2,2.2
280,279.5,156,2.4,156.7,2.1,137.7,2.2
281,280.5,155.5,2.4,156.3,2.1,137.3,2.2
282,281.5,155,2.4,155.9,2.1,136.8,2.2
283,282.5,154.5,2.4,155.4,2.1,136.3,2.2
284,283.5,154,2.4,155.0,2.1,135.9,2.2
285,284.5,153.5,2.3,154.5,2.1,135.4,2.2
286,285.5,153,2.3,154.1,2.1,134.9,2.2
287,286.5,152.5,2.3,153.7,2.1,134.5,2.2
288,287.5,152,2.3,153.2,2.1,134.0,2.2
289,288.5,151.5,2.3,152.8,2.1,133.5,2.2
290,289.5,151,2.3,152.3,2.1,133.0,2.2
291,290.5,150.5,2.3,151.9,2.1,132.6,2.1
292,291.5,150,2.3,151.4,2.1,132.1,2.1
293,292.5,149.5,2.3,151.0,2.1,131.6,2.1
294,293.5,149,2.2,150.5,2.0,131.2,2.1
295,294.5,148.5,2.2,150.1,2.0,130.7,2.1
296,295.5,148,2.2,149.6,2.0,130.3,2.1
297,296.5,147.5,2.2,149.2,2.0,129.8,2.1
298,297.5,147,2.2,148.7,2.0,129.3,2.1
299,298.5,146.5,2.2,148.3,2.0,128.9,2.1
300,299.5,146,2.2,147.9,2.0,128.4,2.1
301,300.5,145.5,2.2,147.4,2.0,127.9,2.1
302,301.5,145,2.2,147.0,2.0,127.5,2.1
303,302.5,144.4,2.2,146.5,2.0,127.0,2.1
304,303.5,143.9,2.2,146.1,2.0,126.5,2.0
305,304.5,143.4,2.2,145.6,2.0,126.1,2.0
306,305.5,142.9,2.2,145.2,2.0,125.6,2.0
307,306.5,142.4,2.2,144.7,2.0,125.1,2.0
308,307.5,141.9,2.2,144.3,2.0,124.7,2.0
309,308.5,141.4,2.2,143.8,2.0,124.2,2.0
310,309.5,141.1,2.2,143.6,2.0,124.0,2.0
311,310.5,140.8,2.2,143.3,2.0,123.7,2.0
312,311.5,140.5,2.2,143.0,2.0,123.5,2.0
313,312.5,140.2,2.2,142.8,2.0,123.2,2.0
314,313.5,139.9,2.2,142.5,2.0,123.0,2.0
315,314.5,139.6,2.2,142.3,2.0,122.8,2.0
316,315.5,139.3,2.2,142.1,2.0,122.6,2.0
317,316.5,139,2.2,141.8,2.0,122.4,2.0
318,317.5,138.8,2.2,141.6,2.0,122.2,2.0
319,318.5,138.5,2.2,141.4,2.0,121.9,2.0
320,319.5,138.2,2.2,141.1,2.0,121.7,2.0
321,320.5,137.9,2.2,140.9,2.0,121.5,2.0
322,321.5,137.6,2.2,140.7,2.0,121.3,2.0
323,322.5,137.4,2.2,140.4,2.0,121.1,2.0
324,323.5,137.1,2.2,140.2,2.0,120.8,2.0
325,324.5,136.8,2.2,139.9,2.0,120.6,2.0
326,325.5,136.5,2.2,139.7,2.0,120.4,2.0
327,326.5,136.2,2.2,139.5,2.0,120.1,2.0
328,327.5,135.9,2.2,139.2,2.0,119.9,2.0
329,328.5,135.6,2.2,139.0,2.0,119.7,2.0
330,329.5,135.3,2.2,138.7,2.0,119.5,2.0
331,330.5,135,2.2,138.4,2.0,119.2,2.0
332,331.5,134.6,2.1,138.1,2.0,118.9,2.0
333,332.5,134.3,2.1,137.8,2.0,118.6,2.0
334,333.5,133.9,2.1,137.5,2.0,118.3,2.0
335,334.5,133.5,2.1,137.2,2.0,118.0,2.0
336,335.5,133.2,2.1,136.9,2.0,117.7,2.0
337,336.5,132.8,2.1,136.6,2.0,117.3,2.0
338,337.5,132.4,2.1,136.2,2.0,117.0,2.0
339,338.5,132.1,2.1,135.9,2.0,116.7,2.0
340,339.5,131.7,2.1,135.6,2.0,116.4,2.0
341,340.5,131.4,2.1,135.3,2.0,116.1,2.0
342,341.5,131,2.1,135.0,2.0,115.8,2.0
343,342.5,130.6,2.1,134.6,2.0,115.5,2.0
344,343.5,130.2,2.1,134.3,2.0,115.2,2.0
345,344.5,129.9,2.1,134.0,2.0,114.8,1.9
346,345.5,129.5,2.1,133.7,2.0,114.5,1.9
347,346.5,129.1,2.1,133.4,2.0,114.2,1.9
348,347.5,128.8,2.1,133.1,2.0,114.0,1.9
349,348.5,128.7,2.1,133.0,2.0,113.9,1.9
350,349.5,128.6,2.1,133.0,2.0,113.8,1.9
351,350.5,128.4,2.1,132.9,2.0,113.7,1.9
352,351.5,128.3,2.1,132.8,2.0,113.6,1.9
353,352.5,128.1,2.1,132.7,2.0,113.5,1.9
354,353.5,128,2.1,132.6,2.0,113.4,1.9
355,354.5,127.9,2.1,132.5,2.0,113.3,1.9
356,355.5,127.7,2.1,132.4,2.0,113.3,1.9
357,356.5,127.6,2.1,132.3,2.0,113.2,1.9
358,357.5,127.4,2.1,132.3,2.0,113.1,1.9
359,358.5,127.3,2.1,132.2,2.0,113.0,1.9
360,359.5,127.1,2.1,132.1,2.0,112.9,1.9
361,360.5,127,2.1,132.0,2.0,112.8,2.0
362,361.5,126.8,2.1,131.9,2.0,112.7,2.0
363,362.5,126.6,2.1,131.8,2.0,112.6,2.0
364,363.5,126.5,2.1,131.7,2.0,112.5,2.0
365,364.5,126.4,2.1,131.6,2.0,112.4,2.0
366,365.5,126.2,2.1,131.5,2.0,112.3,2.0
367,366.5,126.1,2.1,131.5,2.0,112.2,2.0
368,367.5,126,2.1,131.4,2.0,112.2,2.0
369,368.5,125.8,2.1,131.3,2.0,112.1,2.0
370,369.5,125.7,2.1,131.2,2.0,112.0,2.0
371,370.5,125.5,2.1,131.2,2.0,111.9,2.0
372,371.5,125.4,2.1,131.1,2.0,111.9,2.0
373,372.5,125.3,2.1,131.0,2.0,111.8,2.0
374,373.5,125.1,2.1,130.9,2.0,111.7,2.0
375,374.5,125,2.1,130.8,2.0,111.6,2.0
376,375.5,124.9,2.1,130.8,2.0,111.6,2.0
377,376.5,124.8,2.1,130.7,2.0,111.5,2.0
378,377.5,124.7,2.1,130.7,2.0,111.5,2.0
379,378.5,124.6,2.1,130.7,2.0,111.5,2.0
380,379.5,124.5,2.1,130.6,2.0,111.4,2.0
381,380.5,124.4,2.1,130.6,2.0,111.4,2.0
382,381.5,124.3,2.1,130.5,2.0,111.4,2.0
383,382.5,124.2,2.1,130.5,2.0,111.3,2.0
384,383.5,124.1,2.1,130.5,2.0,111.3,2.0
385,384.5,124,2.1,130.4,2.0,111.3,2.0
386,385.5,123.9,2.1,130.4,2.0,111.2,2.0
387,386.5,124,2.1,130.5,2.0,111.3,2.0
388,387.5,124,2.2,130.6,2.0,111.4,2.0
389,388.5,124.1,2.2,130.8,2.0,111.5,2.0
390,389.5,124.1,2.2,130.9,2.0,111.6,2.0
391,390.5,124.2,2.2,131.0,2.0,111.7,2.0
392,391.5,124.2,2.2,131.1,2.0,111.7,2.0
393,392.5,124.3,2.2,131.3,2.0,111.8,2.0
394,393.5,124.4,2.2,131.4,2.0,111.9,2.0
395,394.5,124.4,2.2,131.5,2.0,112.0,2.0
396,395.5,124.5,2.2,131.6,2.0,112.1,2.0
397,396.5,124.5,2.2,131.7,2.0,112.2,2.0
398,397.5,124.6,2.2,131.9,2.0,112.3,2.0
399,398.5,124.7,2.2,132.0,2.0,112.3,2.0
400,399.5,124.7,2.2,132.1,2.0,112.4,2.0
401,400.5,124.8,2.2,132.2,2.0,112.5,2.0
402,401.5,124.8,2.2,132.4,2.0,112.6,2.0
403,402.5,124.9,2.2,132.5,2.0,112.7,2.0
404,403.5,125,2.2,132.6,2.0,112.8,2.0
405,404.5,125,2.2,132.7,2.0,112.8,2.0
406,405.5,125.1,2.2,132.8,2.0,112.9,2.0
407,406.5,125.1,2.2,133.0,2.0,113.0,2.0
408,407.5,125.2,2.2,133.1,2.0,113.1,2.0
409,408.5,125.3,2.2,133.2,2.0,113.2,2.0
410,409.5,125.3,2.2,133.3,2.0,113.3,2.0
411,410.5,125.4,2.2,133.5,2.0,113.3,2.0
412,411.5,125.4,2.2,133.6,2.0,113.4,2.0
413,412.5,125.5,2.2,133.7,2.0,113.5,2.0
414,413.5,125.6,2.2,133.8,2.0,113.6,2.0
415,414.5,125.6,2.2,133.9,2.0,113.7,2.0
416,415.5,125.7,2.2,134.1,2.0,113.7,2.0
417,416.5,125.7,2.2,134.2,2.0,113.8,2.0
418,417.5,125.8,2.2,134.3,2.0,113.9,2.0
419,418.5,125.9,2.2,134.4,2.0,114.0,2.0
420,419.5,125.9,2.2,134.6,2.0,114.1,2.0
421,420.5,126,2.2,134.7,2.0,114.2,2.0
422,421.5,126.1,2.2,134.8,2.0,114.3,2.0
423,422.5,126.2,2.2,135.0,2.0,114.4,2.0
424,423.5,126.2,2.2,135.1,2.0,114.5,2.0
425,424.5,126.3,2.2,135.2,2.0,114.6,2.0
426,425.5,126.4,2.2,135.4,2.0,114.7,2.0
427,426.5,126.5,2.2,135.5,2.0,114.8,2.0
428,427.5,126.6,2.2,135.6,2.0,114.9,2.0
429,428.5,126.7,2.2,135.8,2.0,115.0,2.0
430,429.5,126.7,2.2,135.9,2.0,115.2,2.0
431,430.5,126.8,2.2,136.0,2.0,115.3,2.0
432,431.5,126.9,2.2,136.1,2.0,115.4,2.0
433,432.5,127,2.2,136.3,2.0,115.5,2.0
434,433.5,127.1,2.2,136.4,2.0,115.6,2.0
435,434.5,127.1,2.2,136.5,2.0,115.7,2.0
436,435.5,127.2,2.2,136.6,2.0,115.8,2.0
437,436.5,127.3,2.2,136.8,2.0,116.0,2.0
438,437.5,127.4,2.2,136.9,2.0,116.1,2.0
439,438.5,127.5,2.2,137.0,2.0,116.2,2.0
440,439.5,127.5,2.2,137.1,2.0,116.3,2.0
441,440.5,127.6,2.2,137.3,2.0,116.4,2.0
442,441.5,127.7,2.2,137.4,2.0,116.5,2.0
443,442.5,127.7,2.2,137.5,2.0,116.6,2.0
444,443.5,127.8,2.2,137.6,2.0,116.7,2.0
445,444.5,127.9,2.2,137.7,2.0,116.8,2.0
446,445.5,128,2.2,137.8,2.0,116.9,2.0
447,446.5,128,2.2,137.9,2.0,117.0,2.0
448,447.5,128.1,2.2,138.1,2.0,117.1,2.0
449,448.5,128.2,2.2,138.2,2.0,117.2,2.0
450,449.5,128.2,2.2,138.3,2.0,117.3,2.1
451,450.5,128.3,2.2,138.4,2.0,117.4,2.1
452,451.5,128.3,2.2,138.5,2.0,117.5,2.1
453,452.5,128.5,2.2,138.7,2.0,117.7,2.1
454,453.5,128.6,2.2,138.8,2.0,117.9,2.1
455,454.5,128.7,2.2,139.0,2.0,118.0,2.1
456,455.5,128.8,2.2,139.2,2.0,118.2,2.1
457,456.5,128.9,2.3,139.3,2.0,118.3,2.1
458,457.5,129,2.3,139.5,2.0,118.5,2.1
459,458.5,129.1,2.3,139.7,2.0,118.6,2.1
460,459.5,129.2,2.3,139.8,2.0,118.8,2.1
461,460.5,129.3,2.3,140.0,2.0,118.9,2.1
462,461.5,129.4,2.3,140.1,2.0,119.1,2.1
463,462.5,129.5,2.3,140.3,2.0,119.2,2.1
464,463.5,129.6,2.3,140.5,2.0,119.4,2.1
465,464.5,129.8,2.3,140.6,2.0,119.5,2.1
466,465.5,129.8,2.3,140.7,2.0,119.7,2.1
467,466.5,129.9,2.3,140.9,2.0,119.8,2.1
468,467.5,130,2.3,141.0,2.0,119.9,2.1
469,468.5,130.1,2.3,141.1,2.0,120.0,2.1
470,469.5,130.2,2.3,141.2,2.0,120.2,2.1
471,470.5,130.3,2.3,141.3,2.0,120.3,2.1
472,471.5,130.4,2.3,141.4,2.0,120.4,2.1
473,472.5,130.5,2.3,141.5,2.0,120.5,2.1
474,473.5,130.6,2.3,141.6,2.0,120.6,2.1
475,474.5,130.6,2.3,141.8,2.0,120.7,2.1
476,475.5,130.7,2.3,141.9,2.0,120.9,2.1
477,476.5,130.8,2.3,142.0,2.0,121.0,2.1
478,477.5,130.9,2.3,142.1,2.0,121.1,2.1
479,478.5,131,2.3,142.2,2.0,121.2,2.1
480,479.5,131.1,2.3,142.3,2.0,121.3,2.1
481,480.5,131.1,2.3,142.4,2.0,121.4,2.1
482,481.5,131.2,2.3,142.5,2.0,121.5,2.1
483,482.5,131.3,2.3,142.7,2.0,121.6,2.1
484,483.5,131.4,2.3,142.8,2.0,121.8,2.1
485,484.5,131.5,2.3,143.0,2.0,121.9,2.1
486,485.5,131.6,2.3,143.1,2.0,122.0,2.1
487,486.5,131.7,2.3,143.3,2.0,122.2,2.1
488,487.5,131.9,2.2,143.4,2.0,122.3,2.1
489,488.5,132,2.2,143.5,2.0,122.4,2.1
490,489.5,132.1,2.2,143.7,2.0,122.6,2.1
491,490.5,132.2,2.2,143.8,2.0,122.7,2.1
492,491.5,132.3,2.2,144.0,2.0,122.8,2.1
493,492.5,132.4,2.2,144.1,2.0,122.9,2.1
494,493.5,132.5,2.2,144.3,2.0,123.1,2.1
495,494.5,132.5,2.2,144.4,2.0,123.2,2.1
496,495.5,132.6,2.2,144.5,2.0,123.3,2.1
497,496.5,132.7,2.2,144.7,2.0,123.4,2.1
498,497.5,132.8,2.2,144.8,2.0,123.5,2.1
499,498.5,132.9,2.2,144.9,2.0,123.7,2.1
500,499.5,133,2.2,145.1,2.0,123.8,2.1
501,500.5,133.1,2.2,145.2,2.0,123.9,2.1
502,501.5,133.2,2.2,145.4,2.0,124.0,2.1
503,502.5,133.3,2.2,145.5,2.0,124.1,2.0
504,503.5,133.3,2.2,145.6,2.0,124.2,2.0
505,504.5,133.4,2.2,145.8,2.0,124.3,2.0
506,505.5,133.5,2.2,145.9,2.0,124.4,2.0
507,506.5,133.6,2.2,146.0,2.0,124.5,2.0
508,507.5,133.7,2.2,146.1,2.0,124.7,2.0
509,508.5,133.8,2.2,146.2,2.0,124.8,2.0
510,509.5,133.9,2.2,146.3,2.0,124.9,2.0
511,510.5,133.9,2.2,146.5,2.0,125.0,2.0
512,511.5,134,2.2,146.6,2.0,125.1,2.0
513,512.5,134.1,2.2,146.7,2.0,125.3,2.0
514,513.5,134.2,2.2,146.8,2.0,125.4,2.0
515,514.5,134.3,2.2,146.9,2.0,125.5,2.0
516,515.5,134.4,2.2,147.0,2.0,125.6,2.0
517,516.5,134.4,2.2,147.1,2.0,125.7,2.0
518,517.5,134.5,2.2,147.2,2.0,125.8,2.0
519,518.5,134.6,2.2,147.3,2.0,125.9,2.0
520,519.5,134.7,2.2,147.4,2.0,126.0,2.0
521,520.5,134.8,2.2,147.6,2.0,126.2,2.0
522,521.5,134.9,2.2,147.7,2.0,126.3,2.0
523,522.5,135,2.2,147.8,2.0,126.5,2.0
524,523.5,135.1,2.2,148.0,2.0,126.6,2.0
525,524.5,135.3,2.2,148.1,2.0,126.7,2.0
526,525.5,135.4,2.2,148.2,2.0,126.9,2.0
527,526.5,135.5,2.2,148.4,2.0,127.0,2.0
528,527.5,135.6,2.2,148.5,2.1,127.2,2.0
529,528.5,135.7,2.2,148.6,2.1,127.3,2.0
530,529.5,135.8,2.2,148.8,2.1,127.5,2.0
531,530.5,135.9,2.2,148.9,2.1,127.6,2.0
532,531.5,136,2.2,149.0,2.1,127.7,2.0
533,532.5,136.1,2.2,149.2,2.1,127.9,2.0
534,533.5,136.2,2.2,149.3,2.1,128.0,2.0
535,534.5,136.4,2.2,149.4,2.1,128.2,2.0
536,535.5,136.5,2.2,149.5,2.1,128.3,2.0
537,536.5,136.6,2.2,149.7,2.1,128.4,2.0
538,537.5,136.7,2.2,149.8,2.1,128.6,2.0
539,538.5,136.8,2.2,149.9,2.1,128.7,2.0
540,539.5,136.9,2.2,150.1,2.1,128.8,2.0
541,540.5,137,2.2,150.2,2.1,129.0,2.0
542,541.5,137.1,2.2,150.3,2.1,129.1,2.0
543,542.5,137.2,2.2,150.4,2.1,129.2,2.0
544,543.5,137.3,2.2,150.5,2.1,129.4,2.0
545,544.5,137.4,2.2,150.6,2.1,129.5,2.0
546,545.5,137.5,2.2,150.7,2.1,129.6,2.0
547,546.5,137.5,2.2,150.8,2.1,129.7,2.0
548,547.5,137.6,2.2,150.9,2.1,129.8,2.0
549,548.5,137.7,2.2,151.0,2.1,129.9,2.0
550,549.5,137.8,2.2,151.1,2.1,130.1,2.0
551,550.5,137.8,2.2,151.2,2.1,130.2,2.0
552,551.5,137.9,2.2,151.2,2.1,130.3,2.0
553,552.5,138,2.2,151.3,2.1,130.4,2.0
554,553.5,138.1,2.2,151.4,2.1,130.5,2.0
555,554.5,138.1,2.2,151.4,2.1,130.7,2.0
556,555.5,138.2,2.2,151.5,2.1,130.8,2.0
557,556.5,138.3,2.2,151.6,2.1,130.9,2.0
558,557.5,138.4,2.2,151.7,2.1,131.0,2.0
559,558.5,138.4,2.2,151.7,2.1,131.1,2.0
560,559.5,138.5,2.2,151.8,2.1,131.3,2.0
561,560.5,138.6,2.2,151.9,2.1,131.4,2.0
562,561.5,138.6,2.2,152.0,2.1,131.5,2.0
563,562.5,138.7,2.2,152.0,2.1,131.6,2.0
564,563.5,138.8,2.2,152.1,2.1,131.7,2.0
565,564.5,138.9,2.2,152.2,2.1,131.8,2.0
566,565.5,138.9,2.2,152.3,2.1,132.0,2.0
567,566.5,139,2.2,152.4,2.1,132.1,2.0
568,567.5,139.1,2.2,152.4,2.1,132.2,2.0
569,568.5,139.1,2.2,152.5,2.1,132.3,2.0
570,569.5,139.2,2.2,152.6,2.1,132.4,2.0
571,570.5,139.3,2.2,152.7,2.1,132.5,2.0
572,571.5,139.3,2.2,152.7,2.1,132.7,2.0
573,572.5,139.4,2.2,152.8,2.1,132.8,2.0
574,573.5,139.5,2.2,152.9,2.1,132.9,2.0
575,574.5,139.5,2.2,153.0,2.1,133.0,2.0
576,575.5,139.6,2.2,153.1,2.1,133.1,2.0
577,576.5,139.7,2.2,153.1,2.1,133.2,2.0
578,577.5,139.7,2.2,153.2,2.1,133.3,2.0
579,578.5,139.8,2.2,153.3,2.1,133.5,2.0
580,579.5,139.9,2.2,153.4,2.1,133.6,2.0
581,580.5,139.9,2.2,153.5,2.1,133.7,2.0
582,581.5,140,2.2,153.5,2.1,133.8,2.0
583,582.5,140.1,2.2,153.6,2.1,133.9,2.0
584,583.5,140.1,2.2,153.7,2.1,134.0,2.0
585,584.5,140.2,2.2,153.8,2.1,134.1,2.0
586,585.5,140.3,2.2,153.9,2.1,134.2,2.0
587,586.5,140.3,2.2,153.9,2.1,134.4,2.0
588,587.5,140.4,2.2,154.0,2.1,134.5,2.0
589,588.5,140.5,2.2,154.1,2.1,134.6,2.0
590,589.5,140.6,2.2,154.1,2.1,134.7,2.0
591,590.5,140.6,2.2,154.2,2.1,134.8,2.0
592,591.5,140.7,2.2,154.2,2.1,135.0,2.0
593,592.5,140.8,2.2,154.3,2.1,135.1,2.0
594,593.5,140.8,2.2,154.3,2.1,135.2,2.0
595,594.5,140.9,2.2,154.4,2.1,135.3,2.0
596,595.5,140.9,2.2,154.4,2.1,135.4,2.0
597,596.5,141,2.2,154.4,2.1,135.5,2.0
598,597.5,141.1,2.2,154.5,2.1,135.6,2.0
599,598.5,141.1,2.2,154.5,2.1,135.7,2.0
600,599.5,141.1,2.2,154.5,2.1,135.8,2.0
601,600.5,141.2,2.2,154.5,2.1,135.9,2.0
602,601.5,141.2,2.2,154.6,2.1,136.0,2.0
603,602.5,141.3,2.2,154.6,2.1,136.1,2.0
604,603.5,141.3,2.2,154.6,2.1,136.2,2.0
605,604.5,141.3,2.1,154.6,2.1,136.3,2.0
606,605.5,141.3,2.1,154.6,2.1,136.3,2.0
607,606.5,141.3,2.1,154.5,2.1,136.4,2.0
608,607.5,141.3,2.1,154.5,2.1,136.4,2.0
609,608.5,141.2,2.1,154.4,2.1,136.4,2.0
610,609.5,141.2,2.1,154.3,2.1,136.4,2.0
611,610.5,141.1,2.1,154.2,2.1,136.4,2.0
612,611.5,141.1,2.1,154.2,2.1,136.4,2.0
613,612.5,141,2.1,154.1,2.1,136.4,2.0
614,613.5,141,2.1,154.0,2.1,136.4,2.0
615,614.5,140.9,2.1,153.9,2.1,136.4,2.0
616,615.5,140.9,2.1,153.8,2.1,136.4,2.0
617,616.5,140.8,2.1,153.7,2.1,136.4,2.0
618,617.5,140.7,2.1,153.6,2.1,136.4,2.0
619,618.5,140.7,2.1,153.5,2.1,136.4,2.0
620,619.5,140.6,2.1,153.4,2.1,136.4,2.0
621,620.5,140.5,2.1,153.3,2.1,136.4,2.0
622,621.5,140.4,2.1,153.2,2.0,136.4,2.0
623,622.5,140.4,2.1,153.1,2.0,136.3,2.0
624,623.5,140.3,2.1,153.0,2.0,136.3,2.0
625,624.5,140.2,2.1,152.9,2.0,136.3,2.0
626,625.5,140.1,2.1,152.8,2.0,136.3,1.9
627,626.5,140,2.1,152.7,2.0,136.2,1.9
628,627.5,139.9,2.1,152.5,2.0,136.2,1.9
629,628.5,139.7,2.1,152.4,2.0,136.0,1.9
630,629.5,139.6,2.1,152.2,2.0,135.9,1.9
631,630.5,139.4,2.1,152.0,2.0,135.8,1.9
632,631.5,139.2,2.1,151.9,2.0,135.6,1.9
633,632.5,139.1,2.1,151.7,2.0,135.5,1.9
634,633.5,138.9,2.1,151.5,2.0,135.4,1.9
635,634.5,138.7,2.1,151.4,2.0,135.2,1.9
636,635.5,138.6,2.1,151.2,2.0,135.1,1.9
637,636.5,138.4,2.1,151.1,2.0,134.9,1.9
638,637.5,138.2,2.1,150.9,2.0,134.8,1.9
639,638.5,138.1,2.1,150.7,2.0,134.7,1.9
640,639.5,137.9,2.1,150.6,2.0,134.5,1.9
641,640.5,137.7,2.1,150.4,2.0,134.4,1.9
642,641.5,137.6,2.1,150.2,2.0,134.3,1.9
643,642.5,137.4,2.1,150.1,2.0,134.1,1.9
644,643.5,137.2,2.1,149.9,2.0,134.0,1.9
645,644.5,137.1,2.1,149.7,2.0,133.8,1.9
646,645.5,136.9,2.1,149.5,2.0,133.7,1.9
647,646.5,136.7,2.1,149.4,2.0,133.6,1.9
648,647.5,136.6,2.1,149.2,2.0,133.4,1.9
649,648.5,136.4,2.1,149.0,2.0,133.3,1.9
650,649.5,136.2,2.1,148.9,2.0,133.1,1.9
651,650.5,136.1,2.1,148.7,2.0,133.0,1.9
652,651.5,135.9,2.1,148.5,2.0,132.8,1.9
653,652.5,135.7,2.1,148.3,2.0,132.7,1.9
654,653.5,135.6,2.1,148.1,2.0,132.6,1.9
655,654.5,135.4,2.1,148.0,2.0,132.4,1.9
656,655.5,135.2,2.1,147.8,2.0,132.3,1.9
657,656.5,135,2.1,147.6,2.0,132.1,1.9
658,657.5,134.9,2.1,147.4,2.0,132.0,1.9
659,658.5,134.7,2.1,147.2,2.0,131.8,1.9
660,659.5,134.5,2.1,147.1,2.0,131.7,1.9
661,660.5,134.4,2.1,146.9,2.0,131.5,1.9
662,661.5,134.2,2.1,146.7,2.0,131.4,1.9
663,662.5,134,2.1,146.5,2.0,131.2,1.9
664,663.5,133.9,2.1,146.3,2.0,131.1,1.9
665,664.5,133.7,2.1,146.2,2.0,130.9,1.9
666,665.5,133.6,2.1,146.1,2.0,130.9,1.9
667,666.5,133.6,2.1,146.1,2.0,130.8,1.9
668,667.5,133.6,2.1,146.0,2.0,130.8,1.9
669,668.5,133.5,2.1,146.0,2.0,130.8,1.9
670,669.5,133.5,2.1,146.0,2.0,130.8,1.9
671,670.5,133.5,2.1,146.0,2.0,130.8,1.9
672,671.5,133.5,2.1,146.0,2.0,130.8,1.9
673,672.5,133.5,2.1,146.0,2.0,130.8,1.9
674,673.5,133.5,2.1,146.0,2.0,130.8,1.9
675,674.5,133.5,2.1,146.0,2.0,130.8,1.9
676,675.5,133.5,2.1,146.1,2.0,130.8,1.9
677,676.5,133.5,2.1,146.1,2.0,130.8,1.9
678,677.5,133.5,2.1,146.1,2.0,130.8,1.9
679,678.5,133.5,2.1,146.1,2.0,130.8,1.9
680,679.5,133.5,2.1,146.1,2.0,130.8,1.9
681,680.5,133.4,2.1,146.1,2.0,130.8,1.9
682,681.5,133.4,2.1,146.0,2.0,130.8,1.9
683,682.5,133.4,2.1,146.0,2.0,130.8,1.9
684,683.5,133.4,2.1,146.0,2.0,130.7,1.9
685,684.5,133.4,2.1,146.0,2.0,130.7,1.9
686,685.5,133.3,2.1,146.0,2.0,130.7,1.9
687,686.5,133.3,2.1,146.0,2.0,130.7,1.9
688,687.5,133.3,2.1,146.0,2.0,130.7,1.9
689,688.5,133.3,2.1,146.0,2.0,130.7,1.9
690,689.5,133.2,2.1,145.9,2.0,130.6,1.9
691,690.5,133.2,2.1,145.9,2.0,130.6,1.9
692,691.5,133.2,2.1,145.9,2.0,130.6,1.9
693,692.5,133.1,2.1,145.9,2.0,130.6,1.9
694,693.5,133.1,2.1,145.8,2.0,130.6,1.9
695,694.5,133.1,2.1,145.8,2.0,130.5,1.9
696,695.5,133,2.1,145.8,2.0,130.5,1.9
697,696.5,133,2.1,145.7,2.0,130.5,1.9
698,697.5,132.9,2.1,145.7,2.0,130.4,1.9
699,698.5,132.9,2.1,145.7,2.0,130.4,1.9
700,699.5,132.9,2.1,145.6,2.0,130.4,1.9
701,700.5,132.8,2.1,145.6,2.0,130.3,1.9
702,701.5,132.8,2.1,145.5,2.0,130.3,1.9
703,702.5,132.7,2.1,145.5,2.0,130.3,1.9
704,703.5,132.7,2.1,145.4,2.0,130.2,1.9
705,704.5,132.6,2.1,145.4,2.0,130.2,1.9
706,705.5,132.6,2.1,145.5,2.0,130.2,1.9
707,706.5,132.6,2.1,145.5,2.0,130.1,1.9
708,707.5,132.6,2.2,145.5,2.0,130.1,1.9
709,708.5,132.6,2.2,145.6,2.0,130.1,1.9
710,709.5,132.6,2.2,145.6,2.0,130.1,1.9
711,710.5,132.6,2.2,145.6,2.0,130.0,1.9
712,711.5,132.6,2.2,145.7,2.0,130.0,1.9
713,712.5,132.6,2.2,145.7,2.0,130.0,1.9
714,713.5,132.5,2.2,145.7,2.0,129.9,1.8
715,714.5,132.5,2.2,145.6,2.0,129.8,1.8
716,715.5,132.4,2.2,145.6,2.0,129.7,1.8
717,716.5,132.3,2.2,145.5,2.0,129.6,1.8
718,717.5,132.2,2.2,145.4,2.0,129.5,1.8
719,718.5,132.2,2.2,145.4,2.0,129.4,1.8
720,719.5,132.1,2.2,145.3,2.0,129.3,1.8
721,720.5,132,2.2,145.3,2.0,129.2,1.8
722,721.5,132,2.2,145.2,2.0,129.1,1.8
723,722.5,131.9,2.2,145.2,2.0,129.0,1.8
724,723.5,131.8,2.2,145.1,2.0,128.8,1.8
725,724.5,131.8,2.2,145.1,2.0,128.7,1.8
726,725.5,131.7,2.2,145.0,2.0,128.6,1.8
727,726.5,131.6,2.2,145.0,2.0,128.5,1.8
728,727.5,131.6,2.2,144.9,2.0,128.4,1.8
729,728.5,131.5,2.2,144.9,2.0,128.3,1.8
730,729.5,131.4,2.2,144.8,2.0,128.2,1.8
731,730.5,131.4,2.2,144.8,2.0,128.1,1.8
732,731.5,131.3,2.2,144.7,2.0,128.0,1.8
733,732.5,131.3,2.2,144.7,2.0,127.9,1.8
734,733.5,131.2,2.2,144.6,2.0,127.8,1.8
735,734.5,131.1,2.2,144.6,2.0,127.7,1.8
736,735.5,131.1,2.2,144.5,2.0,127.6,1.8
737,736.5,131,2.2,144.5,2.0,127.6,1.8
738,737.5,131,2.2,144.4,2.0,127.5,1.8
739,738.5,130.9,2.2,144.4,2.0,127.4,1.8
740,739.5,130.9,2.2,144.3,2.0,127.3,1.8
741,740.5,130.8,2.3,144.3,2.0,127.2,1.8
742,741.5,130.6,2.2,144.1,2.0,127.0,1.8
743,742.5,130.4,2.2,143.9,2.0,126.7,1.8
744,743.5,130.2,2.2,143.7,2.0,126.5,1.8
745,744.5,130,2.2,143.5,2.0,126.3,1.8
746,745.5,129.8,2.2,143.3,2.0,126.1,1.8
747,746.5,129.7,2.2,143.2,2.0,125.9,1.8
748,747.5,129.6,2.2,143.2,2.0,125.8,1.8
749,748.5,129.5,2.2,143.1,2.0,125.7,1.8
750,749.5,129.3,2.2,143.0,2.0,125.5,1.8
751,750.5,129.2,2.2,142.9,2.0,125.4,1.8
752,751.5,129.1,2.2,142.8,2.0,125.3,1.8
753,752.5,129,2.2,142.8,2.0,125.2,1.8
754,753.5,128.9,2.2,142.7,2.0,125.1,1.8
755,754.5,128.8,2.2,142.6,2.0,124.9,1.8
756,755.5,128.7,2.2,142.5,2.0,124.8,1.8
757,756.5,128.6,2.2,142.4,2.0,124.7,1.8
758,757.5,128.5,2.2,142.4,2.0,124.6,1.8
759,758.5,128.4,2.2,142.3,2.0,124.5,1.8
760,759.5,128.3,2.2,142.2,2.0,124.3,1.8
761,760.5,128.2,2.2,142.2,2.0,124.2,1.8
762,761.5,128.1,2.2,142.1,2.0,124.1,1.8
763,762.5,128,2.2,142.1,2.0,124.0,1.8
764,763.5,127.9,2.2,142.0,2.0,123.9,1.8
765,764.5,127.8,2.2,141.9,2.0,123.8,1.8
766,765.5,127.8,2.2,141.9,2.0,123.7,1.8
767,766.5,127.7,2.2,141.9,2.0,123.6,1.8
768,767.5,127.6,2.2,141.8,2.0,123.6,1.8
769,768.5,127.6,2.1,141.8,2.0,123.5,1.8
770,769.5,127.5,2.1,141.8,2.0,123.5,1.8
771,770.5,127.5,2.1,141.7,2.0,123.4,1.8
772,771.5,127.4,2.1,141.7,2.0,123.4,1.8
773,772.5,127.3,2.1,141.7,2.0,123.3,1.8
774,773.5,127.3,2.1,141.6,2.0,123.2,1.8
775,774.5,127.2,2.1,141.6,2.0,123.2,1.8
776,775.5,127.2,2.1,141.6,2.0,123.2,1.8
777,776.5,127.1,2.1,141.5,2.0,123.1,1.8
778,777.5,127,2.1,141.5,2.0,123.1,1.8
779,778.5,127,2.1,141.5,2.0,123.0,1.8
780,779.5,126.9,2.1,141.3,2.0,122.9,1.8
781,780.5,126.6,2.1,141.1,2.0,122.8,1.8
782,781.5,126.4,2.1,140.8,2.0,122.6,1.8
783,782.5,126.1,2.1,140.5,2.0,122.5,1.8
784,783.5,125.9,2.1,140.3,2.0,122.3,1.8
785,784.5,125.6,2.1,140.0,2.0,122.2,1.8
786,785.5,125.4,2.1,139.7,2.0,122.0,1.8
787,786.5,125.1,2.1,139.4,2.0,121.8,1.8
788,787.5,124.9,2.1,139.2,2.0,121.7,1.8
789,788.5,124.7,2.1,138.9,2.0,121.5,1.8
790,789.5,124.4,2.1,138.6,2.0,121.4,1.8
791,790.5,124.2,2.1,138.4,2.0,121.2,1.8
792,791.5,123.9,2.1,138.1,2.0,121.1,1.8
793,792.5,123.7,2.1,137.9,2.0,120.9,1.8
794,793.5,123.5,2.1,137.6,2.0,120.8,1.8
795,794.5,123.2,2.1,137.4,2.0,120.6,1.8
796,795.5,123,2.1,137.1,2.0,120.5,1.8
797,796.5,122.8,2.1,136.9,2.0,120.4,1.8
798,797.5,122.6,2.1,136.6,2.0,120.2,1.8
799,798.5,122.3,2.1,136.4,2.0,120.1,1.8
800,799.5,122.1,2.1,136.1,2.0,119.9,1.8
801,800.5,121.9,2.1,135.9,2.0,119.8,1.8
802,801.5,121.7,2.1,135.6,2.0,119.7,1.8
803,802.5,121.4,2.1,135.4,2.0,119.5,1.8
804,803.5,121.2,2.1,135.1,1.9,119.4,1.8
805,804.5,121,2.1,134.9,1.9,119.2,1.8
806,805.5,120.8,2.1,134.6,1.9,119.1,1.8
807,806.5,120.5,2.1,134.4,1.9,119.0,1.8
808,807.5,120.3,2.1,134.1,1.9,118.8,1.8
809,808.5,120.1,2.1,133.9,1.9,118.7,1.8
810,809.5,119.9,2.1,133.7,1.9,118.5,1.8
811,810.5,119.7,2.1,133.4,1.9,118.4,1.8
812,811.5,119.4,2.1,133.2,1.9,118.3,1.8
813,812.5,119.2,2.1,132.9,1.9,118.1,1.8
814,813.5,119,2.1,132.7,1.9,118.0,1.8
815,814.5,118.8,2.1,132.4,1.9,117.8,1.8
816,815.5,118.6,2.1,132.2,1.9,117.7,1.8
817,816.5,118.3,2.1,132.0,1.9,117.6,1.8
818,817.5,118.1,2.1,131.7,1.9,117.4,1.8
819,818.5,117.9,2.1,131.5,1.9,117.3,1.8
820,819.5,117.8,2.1,131.4,1.9,117.2,1.8
821,820.5,117.6,2.1,131.2,1.9,117.1,1.8
822,821.5,117.4,2.1,131.0,1.9,117.0,1.8
823,822.5,117.3,2.1,130.9,1.9,116.9,1.8
824,823.5,117.1,2,130.7,1.9,116.8,1.8
825,824.5,116.9,2,130.5,1.9,116.7,1.8
826,825.5,116.7,2,130.4,1.9,116.6,1.8
827,826.5,116.6,2,130.2,1.9,116.4,1.8
828,827.5,116.4,2,130.0,1.9,116.3,1.8
829,828.5,116.2,2,129.8,1.9,116.2,1.8
830,829.5,116,2,129.7,1.9,116.1,1.8
831,830.5,115.8,2,129.5,1.9,115.9,1.8
832,831.5,115.6,2,129.3,1.9,115.8,1.8
833,832.5,115.4,2,129.1,1.9,115.7,1.8
834,833.5,115.2,2,128.9,1.9,115.5,1.8
835,834.5,115,2,128.7,1.9,115.4,1.8
836,835.5,114.8,2,128.5,1.9,115.3,1.8
837,836.5,114.6,2,128.3,1.9,115.1,1.8
838,837.5,114.4,2,128.1,1.9,115.0,1.7
838,838,114.4,2,128.1,1.9,115.0,1.7
