distance.km,plot.dist.mean,elevation.rema
0,0,2619
0.2,0.1,2620
0.5,0.35,2620
0.7,0.6,2621
0.9,0.8,2621
1.2,1.05,2622
1.4,1.3,2623
1.6,1.5,2623
1.9,1.75,2623
2.1,2,2624
2.3,2.2,2624
2.6,2.45,2625
2.8,2.7,2625
3,2.9,2626
3.3,3.15,2627
3.5,3.4,2628
3.7,3.6,2629
4,3.85,2630
4.2,4.1,2631
4.4,4.3,2632
4.7,4.55,2634
4.9,4.8,2635
5.1,5,2636
5.4,5.25,2638
5.6,5.5,2639
5.8,5.7,2641
6.1,5.95,2642
6.3,6.2,2643
6.5,6.4,2645
6.8,6.65,2646
7,6.9,2647
7.2,7.1,2648
7.5,7.35,2649
7.7,7.6,2650
7.9,7.8,2651
8.2,8.05,2652
8.4,8.3,2652
8.6,8.5,2653
8.9,8.75,2653
9.1,9,2653
9.3,9.2,2654
9.6,9.45,2654
9.8,9.7,2654
10,9.9,2654
10.3,10.15,2655
10.5,10.4,2655
10.7,10.6,2655
11,10.85,2655
11.2,11.1,2655
11.4,11.3,2655
11.7,11.55,2655
11.9,11.8,2655
12.1,12,2655
12.4,12.25,2655
12.6,12.5,2655
12.8,12.7,2655
13.1,12.95,2655
13.3,13.2,2655
13.5,13.4,2655
13.8,13.65,2656
14,13.9,2656
14.2,14.1,2656
14.5,14.35,2657
14.7,14.6,2657
14.9,14.8,2657
15.2,15.05,2657
15.4,15.3,2658
15.6,15.5,2658
15.9,15.75,2659
16.1,16,2660
16.3,16.2,2660
16.6,16.45,2661
16.8,16.7,2662
17,16.9,2663
17.3,17.15,2664
17.5,17.4,2665
17.7,17.6,2665
18,17.85,2667
18.2,18.1,2667
18.4,18.3,2668
18.7,18.55,2669
18.9,18.8,2670
19.1,19,2670
19.4,19.25,2671
19.6,19.5,2671
19.8,19.7,2672
20.1,19.95,2672
20.3,20.2,2673
20.5,20.4,2674
20.8,20.65,2674
21,20.9,2674
21.2,21.1,2675
21.5,21.35,2676
21.7,21.6,2676
21.9,21.8,2677
22.2,22.05,2677
22.4,22.3,2677
22.6,22.5,2677
22.9,22.75,2678
23.1,23,2678
23.3,23.2,2679
23.6,23.45,2679
23.8,23.7,2679
24,23.9,2679
24.3,24.15,2680
24.5,24.4,2680
24.7,24.6,2681
25,24.85,2680
25.2,25.1,2681
25.4,25.3,2681
25.6,25.5,2682
25.9,25.75,2682
26.1,26,2682
26.3,26.2,2683
26.6,26.45,2683
26.8,26.7,2684
27,26.9,2684
27.3,27.15,2684
27.5,27.4,2685
27.7,27.6,2685
28,27.85,2685
28.2,28.1,2686
28.4,28.3,2686
28.7,28.55,2687
28.9,28.8,2687
29.1,29,2687
29.4,29.25,2688
29.6,29.5,2688
29.8,29.7,2689
30.1,29.95,2689
30.3,30.2,2690
30.5,30.4,2690
30.8,30.65,2690
31,30.9,2690
31.2,31.1,2691
31.5,31.35,2691
31.7,31.6,2692
31.9,31.8,2692
32.2,32.05,2692
32.4,32.3,2693
32.6,32.5,2693
32.9,32.75,2693
33.1,33,2694
33.3,33.2,2694
33.6,33.45,2694
33.8,33.7,2695
34.1,33.95,2695
34.3,34.2,2695
34.5,34.4,2696
34.8,34.65,2695
35,34.9,2696
35.2,35.1,2696
35.5,35.35,2697
35.7,35.6,2697
35.9,35.8,2697
36.2,36.05,2698
36.4,36.3,2698
36.6,36.5,2699
36.9,36.75,2700
37.1,37,2700
37.4,37.25,2701
37.6,37.5,2701
37.8,37.7,2702
38.1,37.95,2702
38.3,38.2,2703
38.5,38.4,2703
38.8,38.65,2703
39,38.9,2703
39.2,39.1,2703
39.5,39.35,2703
39.7,39.6,2704
40,39.85,2703
40.2,40.1,2703
40.4,40.3,2703
40.7,40.55,2702
40.9,40.8,2703
41.1,41,2702
41.4,41.25,2702
41.6,41.5,2702
41.8,41.7,2702
42.1,41.95,2702
42.3,42.2,2702
42.6,42.45,2703
42.8,42.7,2703
43,42.9,2703
43.3,43.15,2703
43.5,43.4,2703
43.7,43.6,2703
44,43.85,2703
44.2,44.1,2703
44.4,44.3,2703
44.7,44.55,2704
44.9,44.8,2704
45.2,45.05,2704
45.4,45.3,2704
45.6,45.5,2704
45.9,45.75,2704
46.1,46,2704
46.3,46.2,2705
46.6,46.45,2704
46.8,46.7,2705
47,46.9,2705
47.3,47.15,2705
47.5,47.4,2706
47.8,47.65,2706
48,47.9,2706
48.2,48.1,2706
48.5,48.35,2706
48.7,48.6,2705
48.9,48.8,2705
49.2,49.05,2705
49.4,49.3,2705
49.6,49.5,2705
49.9,49.75,2705
50.1,50,2705
50.4,50.25,2705
50.6,50.5,2704
50.8,50.7,2705
51.1,50.95,2704
51.3,51.2,2704
51.5,51.4,2704
51.8,51.65,2705
52,51.9,2704
52.2,52.1,2704
52.5,52.35,2705
52.7,52.6,2705
53,52.85,2705
53.2,53.1,2705
53.4,53.3,2705
53.7,53.55,2706
53.9,53.8,2706
54.1,54,2706
54.4,54.25,2706
54.6,54.5,2706
54.8,54.7,2707
55.1,54.95,2707
55.3,55.2,2707
55.6,55.45,2706
55.8,55.7,2707
56,55.9,2706
56.3,56.15,2706
56.5,56.4,2706
56.7,56.6,2706
57,56.85,2706
57.2,57.1,2705
57.4,57.3,2705
57.7,57.55,2705
57.9,57.8,2705
58.1,58,2705
58.4,58.25,2704
58.6,58.5,2704
58.9,58.75,2704
59.1,59,2704
59.3,59.2,2704
59.6,59.45,2704
59.8,59.7,2704
60,59.9,2704
60.3,60.15,2704
60.5,60.4,2704
60.7,60.6,2704
61,60.85,2704
61.2,61.1,2704
61.5,61.35,2703
61.7,61.6,2703
61.9,61.8,2703
62.2,62.05,2702
62.4,62.3,2702
62.6,62.5,2702
62.9,62.75,2702
63.1,63,2701
63.4,63.25,2701
63.6,63.5,2700
63.8,63.7,2700
64.1,63.95,2700
64.3,64.2,2700
64.6,64.45,2699
64.8,64.7,2699
65,64.9,2699
65.3,65.15,2698
65.5,65.4,2698
65.8,65.65,2698
66,65.9,2698
66.2,66.1,2697
66.5,66.35,2697
66.7,66.6,2697
67,66.85,2697
67.2,67.1,2698
67.4,67.3,2698
67.7,67.55,2699
67.9,67.8,2700
68.2,68.05,2701
68.4,68.3,2702
68.6,68.5,2703
68.9,68.75,2704
69.1,69,2705
69.4,69.25,2706
69.6,69.5,2707
69.8,69.7,2709
70.1,69.95,2710
70.3,70.2,2711
70.6,70.45,2713
70.8,70.7,2714
71,70.9,2716
71.3,71.15,2718
71.5,71.4,2718
71.8,71.65,2720
72,71.9,2721
72.2,72.1,2722
72.5,72.35,2723
72.7,72.6,2724
73,72.85,2724
73.2,73.1,2725
73.4,73.3,2725
73.7,73.55,2726
73.9,73.8,2726
74.2,74.05,2726
74.4,74.3,2727
74.6,74.5,2727
74.9,74.75,2727
75.1,75,2727
75.4,75.25,2727
75.6,75.5,2727
75.8,75.7,2727
76.1,75.95,2727
76.3,76.2,2727
76.6,76.45,2727
76.8,76.7,2727
77,76.9,2727
77.3,77.15,2727
77.5,77.4,2727
77.8,77.65,2726
78,77.9,2726
78.2,78.1,2726
78.5,78.35,2726
78.7,78.6,2726
79,78.85,2726
79.2,79.1,2726
79.4,79.3,2726
79.7,79.55,2726
79.9,79.8,2725
80.2,80.05,2725
80.4,80.3,2725
80.6,80.5,2725
80.9,80.75,2725
81.1,81,2725
81.4,81.25,2726
81.6,81.5,2727
81.8,81.7,2727
82.1,81.95,2727
82.3,82.2,2729
82.6,82.45,2729
82.8,82.7,2730
83,82.9,2730
83.3,83.15,2730
83.5,83.4,2731
83.8,83.65,2731
84,83.9,2731
84.2,84.1,2731
84.5,84.35,2731
84.7,84.6,2730
85,84.85,2730
85.2,85.1,2730
85.4,85.3,2730
85.7,85.55,2730
85.9,85.8,2730
86.2,86.05,2731
86.4,86.3,2731
86.6,86.5,2732
86.9,86.75,2733
87.1,87,2735
87.4,87.25,2736
87.6,87.5,2737
87.8,87.7,2739
88.1,87.95,2739
88.3,88.2,2740
88.6,88.45,2741
88.8,88.7,2742
89,88.9,2742
89.3,89.15,2743
89.5,89.4,2744
89.7,89.6,2743
90,89.85,2744
90.2,90.1,2744
90.5,90.35,2744
90.7,90.6,2744
90.9,90.8,2744
91.2,91.05,2744
91.4,91.3,2743
91.7,91.55,2743
91.9,91.8,2743
92.1,92,2742
92.4,92.25,2741
92.6,92.5,2741
92.9,92.75,2740
93.1,93,2739
93.3,93.2,2740
93.6,93.45,2740
93.8,93.7,2739
94.1,93.95,2739
94.3,94.2,2739
94.5,94.4,2740
94.8,94.65,2740
95,94.9,2740
95.3,95.15,2740
95.5,95.4,2741
95.7,95.6,2741
96,95.85,2741
96.2,96.1,2741
96.4,96.3,2741
96.7,96.55,2741
96.9,96.8,2741
97.2,97.05,2741
97.4,97.3,2742
97.6,97.5,2741
97.9,97.75,2741
98.1,98,2742
98.3,98.2,2742
98.6,98.45,2743
98.8,98.7,2742
99,98.9,2742
99.3,99.15,2742
99.5,99.4,2743
99.8,99.65,2743
100,99.9,2743
100.2,100.1,2742
100.5,100.35,2743
100.7,100.6,2743
100.9,100.8,2742
101.2,101.05,2743
101.4,101.3,2742
101.6,101.5,2742
101.9,101.75,2742
102.1,102,2742
102.4,102.25,2742
102.6,102.5,2742
102.8,102.7,2741
103.1,102.95,2741
103.3,103.2,2740
103.5,103.4,2740
103.8,103.65,2740
104,103.9,2739
104.2,104.1,2739
104.5,104.35,2739
104.7,104.6,2739
105,104.85,2739
105.2,105.1,2739
105.4,105.3,2739
105.7,105.55,2739
105.9,105.8,2740
106.1,106,2740
106.4,106.25,2741
106.6,106.5,2741
106.8,106.7,2742
107.1,106.95,2742
107.3,107.2,2742
107.6,107.45,2743
107.8,107.7,2743
108,107.9,2743
108.3,108.15,2743
108.5,108.4,2743
108.7,108.6,2743
109,108.85,2742
109.2,109.1,2742
109.4,109.3,2742
109.7,109.55,2742
109.9,109.8,2741
110.2,110.05,2741
110.4,110.3,2740
110.6,110.5,2740
110.9,110.75,2740
111.1,111,2739
111.3,111.2,2738
111.6,111.45,2737
111.8,111.7,2737
112,111.9,2736
112.3,112.15,2735
112.5,112.4,2734
112.8,112.65,2734
113,112.9,2733
113.2,113.1,2732
113.5,113.35,2731
113.7,113.6,2731
113.9,113.8,2731
114.2,114.05,2730
114.4,114.3,2730
114.6,114.5,2729
114.9,114.75,2730
115.1,115,2729
115.4,115.25,2730
115.6,115.5,2729
115.8,115.7,2730
116.1,115.95,2730
116.3,116.2,2730
116.5,116.4,2730
116.8,116.65,2731
117,116.9,2731
117.2,117.1,2731
117.5,117.35,2731
117.7,117.6,2731
118,117.85,2731
118.2,118.1,2731
118.4,118.3,2731
118.7,118.55,2731
118.9,118.8,2731
119.1,119,2731
119.4,119.25,2731
119.6,119.5,2731
119.8,119.7,2730
120.1,119.95,2730
120.3,120.2,2730
120.6,120.45,2730
120.8,120.7,2730
121,120.9,2730
121.3,121.15,2730
121.5,121.4,2730
121.7,121.6,2729
122,121.85,2730
122.2,122.1,2729
122.4,122.3,2729
122.7,122.55,2729
122.9,122.8,2729
123.2,123.05,2729
123.4,123.3,2729
123.6,123.5,2729
123.9,123.75,2729
124.1,124,2728
124.3,124.2,2728
124.6,124.45,2728
124.8,124.7,2728
125,124.9,2727
125.3,125.15,2727
125.5,125.4,2726
125.8,125.65,2726
126,125.9,2725
126.2,126.1,2725
126.5,126.35,2724
126.7,126.6,2723
126.9,126.8,2723
127.2,127.05,2722
127.4,127.3,2721
127.6,127.5,2721
127.9,127.75,2720
128.1,128,2719
128.4,128.25,2719
128.6,128.5,2718
128.8,128.7,2717
129.1,128.95,2716
129.3,129.2,2716
129.5,129.4,2715
129.8,129.65,2714
130,129.9,2713
130.2,130.1,2713
130.5,130.35,2712
130.7,130.6,2712
131,130.85,2711
131.2,131.1,2711
131.4,131.3,2710
131.7,131.55,2710
131.9,131.8,2710
132.1,132,2710
132.4,132.25,2710
132.6,132.5,2710
132.8,132.7,2710
133.1,132.95,2710
133.3,133.2,2709
133.6,133.45,2710
133.8,133.7,2710
134,133.9,2710
134.3,134.15,2710
134.5,134.4,2710
134.7,134.6,2710
135,134.85,2711
135.2,135.1,2711
135.4,135.3,2711
135.7,135.55,2711
135.9,135.8,2712
136.2,136.05,2712
136.4,136.3,2712
136.6,136.5,2713
136.9,136.75,2713
137.1,137,2714
137.3,137.2,2714
137.6,137.45,2715
137.8,137.7,2715
138,137.9,2715
138.3,138.15,2716
138.5,138.4,2716
138.8,138.65,2716
139,138.9,2717
139.2,139.1,2717
139.5,139.35,2717
139.7,139.6,2717
139.9,139.8,2718
140.2,140.05,2718
140.4,140.3,2718
140.6,140.5,2718
140.9,140.75,2718
141.1,141,2718
141.4,141.25,2718
141.6,141.5,2719
141.8,141.7,2719
142.1,141.95,2719
142.3,142.2,2719
142.5,142.4,2719
142.8,142.65,2719
143,142.9,2719
143.2,143.1,2720
143.5,143.35,2719
143.7,143.6,2719
144,143.85,2720
144.2,144.1,2720
144.4,144.3,2720
144.7,144.55,2720
144.9,144.8,2720
145.1,145,2720
145.4,145.25,2721
145.6,145.5,2721
145.8,145.7,2722
146.1,145.95,2722
146.3,146.2,2723
146.6,146.45,2724
146.8,146.7,2724
147,146.9,2725
147.3,147.15,2726
147.5,147.4,2727
147.7,147.6,2728
148,147.85,2728
148.2,148.1,2729
148.4,148.3,2730
148.7,148.55,2731
148.9,148.8,2731
149.2,149.05,2731
149.4,149.3,2731
149.6,149.5,2732
149.9,149.75,2731
150.1,150,2731
150.3,150.2,2731
150.6,150.45,2731
150.8,150.7,2731
151,150.9,2731
151.2,151.1,2730
151.4,151.3,2730
151.7,151.55,2729
151.9,151.8,2729
152.1,152,2729
152.3,152.2,2729
152.6,152.45,2728
152.8,152.7,2728
153,152.9,2728
153.2,153.1,2728
153.5,153.35,2727
153.7,153.6,2728
153.9,153.8,2728
154.1,154,2728
154.4,154.25,2728
154.6,154.5,2728
154.8,154.7,2729
155,154.9,2728
155.3,155.15,2729
155.5,155.4,2729
155.7,155.6,2729
155.9,155.8,2729
156.2,156.05,2729
156.4,156.3,2728
156.6,156.5,2729
156.8,156.7,2728
157,156.9,2728
157.3,157.15,2727
157.5,157.4,2727
157.7,157.6,2726
157.9,157.8,2726
158.2,158.05,2725
158.4,158.3,2724
158.6,158.5,2724
158.8,158.7,2723
159.1,158.95,2722
159.3,159.2,2721
159.5,159.4,2721
159.7,159.6,2720
160,159.85,2720
160.2,160.1,2719
160.4,160.3,2719
160.6,160.5,2718
160.9,160.75,2718
161.1,161,2718
161.3,161.2,2718
161.5,161.4,2718
161.8,161.65,2719
162,161.9,2718
162.2,162.1,2719
162.4,162.3,2718
162.7,162.55,2719
162.9,162.8,2719
163.1,163,2719
163.4,163.25,2719
163.6,163.5,2719
163.8,163.7,2720
164,163.9,2719
164.3,164.15,2720
164.5,164.4,2720
164.7,164.6,2721
164.9,164.8,2721
165.2,165.05,2723
165.4,165.3,2723
165.6,165.5,2724
165.9,165.75,2724
166.1,166,2725
166.3,166.2,2726
166.5,166.4,2726
166.8,166.65,2726
167,166.9,2726
167.2,167.1,2726
167.4,167.3,2726
167.7,167.55,2726
167.9,167.8,2725
168.1,168,2725
168.3,168.2,2724
168.6,168.45,2725
168.8,168.7,2724
169,168.9,2723
169.3,169.15,2723
169.5,169.4,2723
169.7,169.6,2722
169.9,169.8,2722
170.2,170.05,2721
170.4,170.3,2721
170.6,170.5,2721
170.8,170.7,2721
171.1,170.95,2721
171.3,171.2,2721
171.5,171.4,2722
171.8,171.65,2722
172,171.9,2722
172.2,172.1,2724
172.4,172.3,2724
172.7,172.55,2725
172.9,172.8,2726
173.1,173,2727
173.3,173.2,2728
173.6,173.45,2729
173.8,173.7,2730
174,173.9,2731
174.3,174.15,2731
174.5,174.4,2732
174.7,174.6,2732
174.9,174.8,2732
175.2,175.05,2732
175.4,175.3,2733
175.6,175.5,2732
175.8,175.7,2732
176.1,175.95,2730
176.3,176.2,2730
176.5,176.4,2729
176.7,176.6,2728
177,176.85,2726
177.2,177.1,2726
177.4,177.3,2724
177.7,177.55,2723
177.9,177.8,2722
178.1,178,2721
178.3,178.2,2720
178.6,178.45,2719
178.8,178.7,2719
179,178.9,2718
179.2,179.1,2718
179.5,179.35,2717
179.7,179.6,2718
179.9,179.8,2718
180.2,180.05,2719
180.4,180.3,2720
180.6,180.5,2720
180.8,180.7,2721
181.1,180.95,2722
181.3,181.2,2723
181.5,181.4,2723
181.7,181.6,2724
182,181.85,2725
182.2,182.1,2726
182.4,182.3,2727
182.7,182.55,2727
182.9,182.8,2728
183.1,183,2729
183.3,183.2,2731
183.6,183.45,2732
183.8,183.7,2733
184,183.9,2734
184.2,184.1,2735
184.5,184.35,2736
184.7,184.6,2737
184.9,184.8,2737
185.1,185,2738
185.4,185.25,2738
185.6,185.5,2738
185.8,185.7,2738
186.1,185.95,2738
186.3,186.2,2737
186.5,186.4,2737
186.7,186.6,2736
187,186.85,2736
187.2,187.1,2734
187.4,187.3,2734
187.6,187.5,2733
187.9,187.75,2732
188.1,188,2731
188.3,188.2,2729
188.6,188.45,2729
188.8,188.7,2728
189,188.9,2727
189.2,189.1,2726
189.5,189.35,2726
189.7,189.6,2725
189.9,189.8,2726
190.1,190,2726
190.4,190.25,2727
190.6,190.5,2726
190.8,190.7,2728
191.1,190.95,2729
191.3,191.2,2730
191.5,191.4,2731
191.7,191.6,2732
192,191.85,2734
192.2,192.1,2735
192.4,192.3,2736
192.6,192.5,2737
192.9,192.75,2738
193.1,193,2739
193.3,193.2,2740
193.5,193.4,2740
193.8,193.65,2741
194,193.9,2741
194.2,194.1,2742
194.5,194.35,2742
194.7,194.6,2741
194.9,194.8,2742
195.1,195,2742
195.4,195.25,2743
195.6,195.5,2742
195.8,195.7,2743
196,195.9,2743
196.3,196.15,2744
196.5,196.4,2745
196.7,196.6,2746
197,196.85,2746
197.2,197.1,2747
197.4,197.3,2748
197.6,197.5,2750
197.9,197.75,2750
198.1,198,2751
198.3,198.2,2752
198.5,198.4,2753
198.8,198.65,2754
199,198.9,2755
199.2,199.1,2756
199.5,199.35,2756
199.7,199.6,2757
199.9,199.8,2757
200.1,200,2757
200.4,200.25,2757
200.6,200.5,2757
200.8,200.7,2757
201,200.9,2757
201.3,201.15,2756
201.5,201.4,2755
201.7,201.6,2755
202,201.85,2754
202.2,202.1,2754
202.4,202.3,2753
202.6,202.5,2753
202.9,202.75,2752
203.1,203,2753
203.3,203.2,2752
203.5,203.4,2752
203.8,203.65,2751
204,203.9,2752
204.2,204.1,2752
204.4,204.3,2752
204.7,204.55,2753
204.9,204.8,2753
205.1,205,2754
205.4,205.25,2754
205.6,205.5,2756
205.8,205.7,2756
206,205.9,2758
206.3,206.15,2758
206.5,206.4,2759
206.7,206.6,2760
206.9,206.8,2761
207.2,207.05,2761
207.4,207.3,2763
207.6,207.5,2763
207.9,207.75,2764
208.1,208,2764
208.3,208.2,2764
208.5,208.4,2764
208.8,208.65,2764
209,208.9,2765
209.2,209.1,2765
209.4,209.3,2765
209.7,209.55,2765
209.9,209.8,2766
210.1,210,2765
210.4,210.25,2766
210.6,210.5,2765
210.8,210.7,2766
211,210.9,2766
211.3,211.15,2767
211.5,211.4,2767
211.7,211.6,2768
211.9,211.8,2769
212.2,212.05,2770
212.4,212.3,2771
212.6,212.5,2771
212.8,212.7,2772
213.1,212.95,2772
213.3,213.2,2773
213.5,213.4,2774
213.8,213.65,2775
214,213.9,2775
214.2,214.1,2776
214.4,214.3,2776
214.7,214.55,2777
214.9,214.8,2777
215.1,215,2778
215.3,215.2,2779
215.6,215.45,2779
215.8,215.7,2779
216,215.9,2780
216.3,216.15,2780
216.5,216.4,2780
216.7,216.6,2780
216.9,216.8,2780
217.2,217.05,2780
217.4,217.3,2780
217.6,217.5,2781
217.8,217.7,2781
218.1,217.95,2781
218.3,218.2,2781
218.5,218.4,2781
218.8,218.65,2781
219,218.9,2781
219.2,219.1,2781
219.4,219.3,2780
219.7,219.55,2780
219.9,219.8,2780
220.1,220,2780
220.3,220.2,2780
220.6,220.45,2781
220.8,220.7,2781
221,220.9,2781
221.2,221.1,2781
221.5,221.35,2781
221.7,221.6,2781
221.9,221.8,2782
222.2,222.05,2782
222.4,222.3,2782
222.6,222.5,2782
222.8,222.7,2782
223.1,222.95,2782
223.3,223.2,2783
223.5,223.4,2783
223.7,223.6,2783
224,223.85,2784
224.2,224.1,2784
224.4,224.3,2784
224.6,224.5,2784
224.9,224.75,2785
225.1,225,2785
225.3,225.2,2786
225.5,225.4,2786
225.8,225.65,2787
226,225.9,2787
226.2,226.1,2787
226.4,226.3,2788
226.7,226.55,2788
226.9,226.8,2787
227.1,227,2788
227.3,227.2,2787
227.6,227.45,2788
227.8,227.7,2787
228,227.9,2787
228.3,228.15,2786
228.5,228.4,2786
228.7,228.6,2785
228.9,228.8,2784
229.2,229.05,2783
229.4,229.3,2783
229.6,229.5,2782
229.8,229.7,2782
230.1,229.95,2781
230.3,230.2,2782
230.5,230.4,2781
230.7,230.6,2782
231,230.85,2781
231.2,231.1,2782
231.4,231.3,2783
231.6,231.5,2784
231.9,231.75,2784
232.1,232,2786
232.3,232.2,2787
232.5,232.4,2789
232.8,232.65,2791
233,232.9,2792
233.2,233.1,2793
233.4,233.3,2795
233.7,233.55,2796
233.9,233.8,2796
234.1,234,2797
234.3,234.2,2798
234.6,234.45,2798
234.8,234.7,2799
235,234.9,2799
235.2,235.1,2800
235.4,235.3,2800
235.7,235.55,2801
235.9,235.8,2802
236.1,236,2802
236.3,236.2,2803
236.6,236.45,2804
236.8,236.7,2804
237,236.9,2805
237.2,237.1,2805
237.4,237.3,2805
237.7,237.55,2806
237.9,237.8,2806
238.1,238,2806
238.3,238.2,2806
238.6,238.45,2806
238.8,238.7,2806
239,238.9,2806
239.2,239.1,2805
239.4,239.3,2805
239.7,239.55,2805
239.9,239.8,2804
240.1,240,2804
240.3,240.2,2804
240.5,240.4,2804
240.8,240.65,2804
241,240.9,2805
241.2,241.1,2805
241.4,241.3,2806
241.7,241.55,2808
241.9,241.8,2809
242.1,242,2810
242.3,242.2,2812
242.5,242.4,2813
242.8,242.65,2814
243,242.9,2816
243.2,243.1,2816
243.4,243.3,2816
243.6,243.5,2816
243.9,243.75,2817
244.1,244,2816
244.3,244.2,2817
244.5,244.4,2816
244.8,244.65,2817
245,244.9,2817
245.2,245.1,2817
245.4,245.3,2818
245.6,245.5,2818
245.9,245.75,2819
246.1,246,2819
246.3,246.2,2820
246.5,246.4,2820
246.8,246.65,2821
247,246.9,2821
247.2,247.1,2822
247.4,247.3,2821
247.6,247.5,2821
247.9,247.75,2820
248.1,248,2821
248.3,248.2,2820
248.5,248.4,2820
248.7,248.6,2820
249,248.85,2819
249.2,249.1,2819
249.4,249.3,2819
249.6,249.5,2819
249.9,249.75,2819
250.1,250,2820
250.3,250.2,2820
250.5,250.4,2820
250.7,250.6,2820
251,250.85,2821
251.2,251.1,2821
251.4,251.3,2821
251.6,251.5,2821
251.9,251.75,2822
252.1,252,2822
252.3,252.2,2822
252.5,252.4,2823
252.7,252.6,2823
253,252.85,2823
253.2,253.1,2823
253.4,253.3,2823
253.6,253.5,2823
253.8,253.7,2823
254.1,253.95,2824
254.3,254.2,2824
254.5,254.4,2825
254.7,254.6,2825
254.9,254.8,2825
255.2,255.05,2825
255.4,255.3,2826
255.6,255.5,2825
255.8,255.7,2826
256,255.9,2827
256.3,256.15,2827
256.5,256.4,2828
256.7,256.6,2829
256.9,256.8,2830
257.1,257,2830
257.4,257.25,2832
257.6,257.5,2833
257.8,257.7,2835
258,257.9,2836
258.2,258.1,2837
258.5,258.35,2839
258.7,258.6,2840
258.9,258.8,2842
259.1,259,2843
259.3,259.2,2844
259.6,259.45,2844
259.8,259.7,2845
260,259.9,2845
260.2,260.1,2846
260.4,260.3,2846
260.7,260.55,2846
260.9,260.8,2846
261.1,261,2844
261.3,261.2,2845
261.5,261.4,2843
261.8,261.65,2843
262,261.9,2842
262.2,262.1,2842
262.4,262.3,2841
262.6,262.5,2841
262.9,262.75,2842
263.1,263,2841
263.3,263.2,2842
263.5,263.4,2842
263.7,263.6,2842
264,263.85,2842
264.2,264.1,2842
264.4,264.3,2842
264.6,264.5,2842
264.8,264.7,2842
265,264.9,2841
265.3,265.15,2841
265.5,265.4,2840
265.7,265.6,2840
265.9,265.8,2839
266.1,266,2838
266.4,266.25,2837
266.6,266.5,2837
266.8,266.7,2836
267,266.9,2836
267.2,267.1,2835
267.5,267.35,2835
267.7,267.6,2835
267.9,267.8,2835
268.1,268,2835
268.3,268.2,2835
268.6,268.45,2836
268.8,268.7,2836
269,268.9,2836
269.2,269.1,2837
269.4,269.3,2837
269.7,269.55,2838
269.9,269.8,2838
270.1,270,2838
270.3,270.2,2838
270.5,270.4,2839
270.8,270.65,2838
271,270.9,2839
271.2,271.1,2840
271.4,271.3,2840
271.6,271.5,2840
271.9,271.75,2840
272.1,272,2840
272.3,272.2,2840
272.5,272.4,2839
272.7,272.6,2839
273,272.85,2839
273.2,273.1,2839
273.4,273.3,2838
273.6,273.5,2839
273.8,273.7,2838
274.1,273.95,2838
274.3,274.2,2838
274.5,274.4,2838
274.7,274.6,2837
274.9,274.8,2838
275.2,275.05,2837
275.4,275.3,2837
275.6,275.5,2837
275.8,275.7,2837
276,275.9,2837
276.2,276.1,2836
276.5,276.35,2837
276.7,276.6,2836
276.9,276.8,2836
277.1,277,2836
277.3,277.2,2836
277.6,277.45,2836
277.8,277.7,2836
278,277.9,2836
278.2,278.1,2836
278.4,278.3,2836
278.7,278.55,2837
278.9,278.8,2837
279.1,279,2837
279.3,279.2,2837
279.5,279.4,2838
279.8,279.65,2838
280,279.9,2839
280.2,280.1,2839
280.4,280.3,2839
280.6,280.5,2839
280.9,280.75,2840
281.1,281,2840
281.3,281.2,2840
281.5,281.4,2839
281.7,281.6,2840
282,281.85,2840
282.2,282.1,2839
282.4,282.3,2840
282.6,282.5,2839
282.8,282.7,2839
283.1,282.95,2839
283.3,283.2,2839
283.5,283.4,2839
283.7,283.6,2839
283.9,283.8,2839
284.2,284.05,2839
284.4,284.3,2839
284.6,284.5,2839
284.8,284.7,2840
285,284.9,2840
285.3,285.15,2840
285.5,285.4,2840
285.7,285.6,2840
285.9,285.8,2840
286.1,286,2840
286.4,286.25,2841
286.6,286.5,2841
286.8,286.7,2841
287,286.9,2841
287.2,287.1,2841
287.5,287.35,2842
287.7,287.6,2842
287.9,287.8,2842
288.1,288,2842
288.3,288.2,2842
288.5,288.4,2842
288.8,288.65,2842
289,288.9,2842
289.2,289.1,2842
289.4,289.3,2843
289.6,289.5,2843
289.9,289.75,2843
290.1,290,2843
290.3,290.2,2843
290.5,290.4,2843
290.7,290.6,2844
291,290.85,2844
291.2,291.1,2844
291.4,291.3,2845
291.6,291.5,2846
291.8,291.7,2846
292.1,291.95,2846
292.3,292.2,2847
292.5,292.4,2847
292.7,292.6,2847
292.9,292.8,2847
293.2,293.05,2848
293.4,293.3,2848
293.6,293.5,2848
293.8,293.7,2847
294,293.9,2847
294.3,294.15,2847
294.5,294.4,2847
294.7,294.6,2846
294.9,294.8,2846
295.1,295,2846
295.4,295.25,2845
295.6,295.5,2845
295.8,295.7,2844
296,295.9,2844
296.2,296.1,2844
296.5,296.35,2843
296.7,296.6,2843
296.9,296.8,2843
297.1,297,2843
297.3,297.2,2843
297.6,297.45,2843
297.8,297.7,2843
298,297.9,2843
298.2,298.1,2843
298.4,298.3,2843
298.7,298.55,2844
298.9,298.8,2843
299.1,299,2843
299.3,299.2,2843
299.5,299.4,2843
299.7,299.6,2843
300,299.85,2843
300.2,300.1,2844
300.4,300.3,2844
300.6,300.5,2844
300.8,300.7,2844
301.1,300.95,2844
301.3,301.2,2845
301.5,301.4,2845
301.7,301.6,2846
301.9,301.8,2846
302.2,302.05,2846
302.4,302.3,2847
302.6,302.5,2847
302.8,302.7,2847
303,302.9,2848
303.3,303.15,2848
303.5,303.4,2849
303.7,303.6,2848
303.9,303.8,2848
304.1,304,2848
304.4,304.25,2848
304.6,304.5,2847
304.8,304.7,2847
305,304.9,2846
305.2,305.1,2846
305.5,305.35,2845
305.7,305.6,2845
305.9,305.8,2845
306.1,306,2844
306.3,306.2,2844
306.6,306.45,2844
306.8,306.7,2844
307,306.9,2843
307.2,307.1,2843
307.4,307.3,2843
307.7,307.55,2843
307.9,307.8,2844
308.1,308,2843
308.3,308.2,2843
308.5,308.4,2843
308.8,308.65,2844
309,308.9,2844
309.2,309.1,2844
309.4,309.3,2844
309.6,309.5,2844
309.9,309.75,2845
310.1,310,2845
310.3,310.2,2845
310.5,310.4,2845
310.7,310.6,2845
310.9,310.8,2845
311.2,311.05,2845
311.4,311.3,2844
311.6,311.5,2844
311.8,311.7,2843
312.1,311.95,2842
312.3,312.2,2841
312.5,312.4,2841
312.7,312.6,2839
313,312.85,2838
313.2,313.1,2837
313.4,313.3,2836
313.7,313.55,2835
313.9,313.8,2834
314.1,314,2833
314.3,314.2,2832
314.6,314.45,2832
314.8,314.7,2831
315,314.9,2831
315.3,315.15,2830
315.5,315.4,2830
315.7,315.6,2830
316,315.85,2830
316.2,316.1,2830
316.4,316.3,2830
316.6,316.5,2830
316.9,316.75,2830
317.1,317,2830
317.3,317.2,2830
317.6,317.45,2830
317.8,317.7,2830
318,317.9,2830
318.2,318.1,2830
318.5,318.35,2830
318.7,318.6,2830
318.9,318.8,2830
319.2,319.05,2830
319.4,319.3,2830
319.6,319.5,2830
319.8,319.7,2830
320.1,319.95,2830
320.3,320.2,2830
320.5,320.4,2830
320.8,320.65,2830
321,320.9,2830
321.2,321.1,2830
321.4,321.3,2830
321.7,321.55,2829
321.9,321.8,2829
322.1,322,2829
322.4,322.25,2829
322.6,322.5,2829
322.8,322.7,2829
323.1,322.95,2828
323.3,323.2,2828
323.5,323.4,2828
323.7,323.6,2828
324,323.85,2827
324.2,324.1,2827
324.4,324.3,2826
324.7,324.55,2826
324.9,324.8,2826
325.1,325,2825
325.3,325.2,2825
325.6,325.45,2824
325.8,325.7,2824
326,325.9,2824
326.3,326.15,2824
326.5,326.4,2824
326.7,326.6,2824
326.9,326.8,2824
327.2,327.05,2824
327.4,327.3,2825
327.6,327.5,2825
327.9,327.75,2825
328.1,328,2826
328.3,328.2,2826
328.5,328.4,2827
328.8,328.65,2827
329,328.9,2828
329.2,329.1,2828
329.5,329.35,2829
329.7,329.6,2830
329.9,329.8,2829
330.1,330,2831
330.3,330.2,2830
330.5,330.4,2830
330.7,330.6,2831
331,330.85,2830
331.2,331.1,2831
331.4,331.3,2830
331.6,331.5,2831
331.8,331.7,2830
332,331.9,2830
332.3,332.15,2830
332.5,332.4,2830
332.7,332.6,2829
332.9,332.8,2829
333.1,333,2829
333.3,333.2,2829
333.6,333.45,2829
333.8,333.7,2829
334,333.9,2830
334.2,334.1,2830
334.4,334.3,2830
334.6,334.5,2830
334.9,334.75,2831
335.1,335,2831
335.3,335.2,2831
335.5,335.4,2831
335.7,335.6,2831
335.9,335.8,2831
336.1,336,2830
336.4,336.25,2830
336.6,336.5,2830
336.8,336.7,2830
337,336.9,2829
337.2,337.1,2828
337.4,337.3,2828
337.7,337.55,2827
337.9,337.8,2827
338.1,338,2826
338.3,338.2,2826
338.5,338.4,2825
338.7,338.6,2824
339,338.85,2824
339.2,339.1,2823
339.4,339.3,2823
339.6,339.5,2823
339.8,339.7,2823
340,339.9,2822
340.2,340.1,2822
340.5,340.35,2822
340.7,340.6,2822
340.9,340.8,2822
341.1,341,2822
341.3,341.2,2822
341.5,341.4,2822
341.8,341.65,2823
342,341.9,2823
342.2,342.1,2823
342.4,342.3,2823
342.6,342.5,2823
342.8,342.7,2824
343.1,342.95,2824
343.3,343.2,2825
343.5,343.4,2825
343.7,343.6,2825
343.9,343.8,2825
344.1,344,2826
344.4,344.25,2826
344.6,344.5,2826
344.8,344.7,2826
345,344.9,2826
345.2,345.1,2826
345.4,345.3,2826
345.6,345.5,2826
345.9,345.75,2827
346.1,346,2826
346.3,346.2,2827
346.5,346.4,2827
346.7,346.6,2827
346.9,346.8,2827
347.2,347.05,2827
347.4,347.3,2827
347.6,347.5,2826
347.8,347.7,2826
348,347.9,2826
348.2,348.1,2825
348.5,348.35,2824
348.7,348.6,2823
348.9,348.8,2823
349.1,349,2823
349.3,349.2,2821
349.5,349.4,2821
349.8,349.65,2819
350,349.9,2819
350.2,350.1,2819
350.4,350.3,2818
350.6,350.5,2818
350.8,350.7,2817
351,350.9,2817
351.3,351.15,2818
351.5,351.4,2817
351.7,351.6,2817
351.9,351.8,2818
352.1,352,2818
352.3,352.2,2818
352.6,352.45,2818
352.8,352.7,2819
353,352.9,2819
353.2,353.1,2820
353.4,353.3,2820
353.6,353.5,2820
353.9,353.75,2820
354.1,354,2820
354.3,354.2,2820
354.5,354.4,2820
354.7,354.6,2819
354.9,354.8,2819
355.2,355.05,2818
355.4,355.3,2818
355.6,355.5,2817
355.8,355.7,2816
356,355.9,2816
356.2,356.1,2815
356.4,356.3,2815
356.7,356.55,2814
356.9,356.8,2813
357.1,357,2813
357.3,357.2,2813
357.5,357.4,2812
357.7,357.6,2812
358,357.85,2812
358.2,358.1,2812
358.4,358.3,2812
358.6,358.5,2812
358.8,358.7,2811
359,358.9,2812
359.3,359.15,2812
359.5,359.4,2812
359.7,359.6,2812
359.9,359.8,2812
360.1,360,2812
360.3,360.2,2812
360.6,360.45,2812
360.8,360.7,2811
361,360.9,2811
361.2,361.1,2811
361.4,361.3,2810
361.6,361.5,2810
361.8,361.7,2810
362.1,361.95,2809
362.3,362.2,2809
362.5,362.4,2808
362.7,362.6,2808
362.9,362.8,2808
363.1,363,2806
363.4,363.25,2806
363.6,363.5,2804
363.8,363.7,2804
364,363.9,2803
364.2,364.1,2802
364.5,364.35,2802
364.7,364.6,2801
364.9,364.8,2801
365.1,365,2801
365.4,365.25,2800
365.6,365.5,2800
365.8,365.7,2800
366,365.9,2800
366.3,366.15,2800
366.5,366.4,2800
366.7,366.6,2800
366.9,366.8,2800
367.1,367,2800
367.4,367.25,2800
367.6,367.5,2801
367.8,367.7,2801
368,367.9,2801
368.3,368.15,2802
368.5,368.4,2802
368.7,368.6,2802
368.9,368.8,2803
369.1,369,2803
369.4,369.25,2804
369.6,369.5,2804
369.8,369.7,2804
370,369.9,2804
370.3,370.15,2805
370.5,370.4,2805
370.7,370.6,2805
370.9,370.8,2805
371.1,371,2805
371.4,371.25,2805
371.6,371.5,2805
371.8,371.7,2805
372,371.9,2805
372.3,372.15,2805
372.5,372.4,2805
372.7,372.6,2805
372.9,372.8,2805
373.1,373,2805
373.4,373.25,2805
373.6,373.5,2805
373.8,373.7,2804
374,373.9,2804
374.3,374.15,2804
374.5,374.4,2804
374.7,374.6,2804
374.9,374.8,2804
375.2,375.05,2803
375.4,375.3,2803
375.6,375.5,2803
375.8,375.7,2803
376,375.9,2802
376.3,376.15,2802
376.5,376.4,2802
376.7,376.6,2802
376.9,376.8,2801
377.2,377.05,2801
377.4,377.3,2801
377.6,377.5,2800
377.8,377.7,2800
378,377.9,2800
378.3,378.15,2800
378.5,378.4,2800
378.7,378.6,2799
378.9,378.8,2799
379.2,379.05,2799
379.4,379.3,2799
379.6,379.5,2799
379.8,379.7,2799
380,379.9,2799
380.3,380.15,2799
380.5,380.4,2800
380.7,380.6,2800
380.9,380.8,2800
381.2,381.05,2800
381.4,381.3,2801
381.6,381.5,2800
381.8,381.7,2801
382,381.9,2801
382.3,382.15,2802
382.5,382.4,2802
382.7,382.6,2802
382.9,382.8,2802
383.2,383.05,2802
383.4,383.3,2803
383.6,383.5,2803
383.8,383.7,2803
384.1,383.95,2803
384.3,384.2,2803
384.5,384.4,2804
384.7,384.6,2804
384.9,384.8,2804
385.2,385.05,2804
385.4,385.3,2804
385.6,385.5,2804
385.8,385.7,2804
386.1,385.95,2804
386.3,386.2,2803
386.5,386.4,2803
386.7,386.6,2802
386.9,386.8,2801
387.2,387.05,2800
387.4,387.3,2799
387.6,387.5,2798
387.8,387.7,2797
388.1,387.95,2796
388.3,388.2,2794
388.5,388.4,2794
388.7,388.6,2792
388.9,388.8,2792
389.2,389.05,2791
389.4,389.3,2791
389.6,389.5,2790
389.8,389.7,2790
390.1,389.95,2789
390.3,390.2,2789
390.5,390.4,2788
390.7,390.6,2788
390.9,390.8,2789
391.2,391.05,2788
391.4,391.3,2788
391.6,391.5,2788
391.8,391.7,2789
392.1,391.95,2788
392.3,392.2,2789
392.5,392.4,2788
392.7,392.6,2789
393,392.85,2789
393.2,393.1,2789
393.4,393.3,2789
393.6,393.5,2790
393.8,393.7,2790
394.1,393.95,2790
394.3,394.2,2790
394.5,394.4,2790
394.7,394.6,2790
395,394.85,2790
395.2,395.1,2790
395.4,395.3,2790
395.6,395.5,2790
395.8,395.7,2790
396.1,395.95,2789
396.3,396.2,2789
396.5,396.4,2789
396.7,396.6,2788
397,396.85,2788
397.2,397.1,2787
397.4,397.3,2787
397.6,397.5,2787
397.8,397.7,2786
398.1,397.95,2786
398.3,398.2,2786
398.5,398.4,2786
398.7,398.6,2785
399,398.85,2785
399.2,399.1,2785
399.4,399.3,2785
399.6,399.5,2785
399.8,399.7,2785
400.1,399.95,2785
400.3,400.2,2785
400.5,400.4,2785
400.7,400.6,2785
401,400.85,2785
401.2,401.1,2784
401.4,401.3,2785
401.6,401.5,2784
401.9,401.75,2784
402.1,402,2784
402.3,402.2,2784
402.5,402.4,2783
402.7,402.6,2784
403,402.85,2783
403.2,403.1,2783
403.4,403.3,2782
403.6,403.5,2782
403.9,403.75,2781
404.1,404,2781
404.3,404.2,2781
404.5,404.4,2781
404.7,404.6,2781
405,404.85,2781
405.2,405.1,2781
405.4,405.3,2781
405.6,405.5,2780
405.9,405.75,2780
406.1,406,2780
406.3,406.2,2780
406.5,406.4,2780
406.7,406.6,2779
407,406.85,2779
407.2,407.1,2778
407.4,407.3,2777
407.6,407.5,2776
407.9,407.75,2775
408.1,408,2774
408.3,408.2,2773
408.5,408.4,2772
408.7,408.6,2770
409,408.85,2768
409.2,409.1,2768
409.4,409.3,2766
409.6,409.5,2765
409.9,409.75,2763
410.1,410,2762
410.3,410.2,2760
410.5,410.4,2760
410.8,410.65,2758
411,410.9,2758
411.2,411.1,2757
411.4,411.3,2756
411.6,411.5,2755
411.9,411.75,2755
412.1,412,2754
412.3,412.2,2754
412.5,412.4,2754
412.8,412.65,2753
413,412.9,2753
413.2,413.1,2753
413.4,413.3,2753
413.6,413.5,2753
413.9,413.75,2753
414.1,414,2752
414.3,414.2,2752
414.5,414.4,2753
414.8,414.65,2752
415,414.9,2753
415.2,415.1,2752
415.4,415.3,2753
415.6,415.5,2753
415.9,415.75,2753
416.1,416,2753
416.3,416.2,2753
416.5,416.4,2753
416.8,416.65,2753
417,416.9,2753
417.2,417.1,2754
417.4,417.3,2754
417.6,417.5,2755
417.9,417.75,2755
418.1,418,2755
418.3,418.2,2756
418.5,418.4,2756
418.8,418.65,2757
419,418.9,2757
419.2,419.1,2758
419.5,419.35,2758
419.7,419.6,2759
419.9,419.8,2760
420.1,420,2761
420.4,420.25,2761
420.6,420.5,2762
420.8,420.7,2762
421.1,420.95,2763
421.3,421.2,2764
421.5,421.4,2764
421.7,421.6,2765
422,421.85,2765
422.2,422.1,2766
422.4,422.3,2766
422.7,422.55,2767
422.9,422.8,2767
423.1,423,2767
423.3,423.2,2767
423.6,423.45,2767
423.8,423.7,2767
424,423.9,2767
424.2,424.1,2767
424.5,424.35,2767
424.7,424.6,2767
424.9,424.8,2767
425.2,425.05,2767
425.4,425.3,2767
425.6,425.5,2767
425.8,425.7,2766
426.1,425.95,2767
426.3,426.2,2766
426.5,426.4,2766
426.8,426.65,2766
427,426.9,2766
427.2,427.1,2765
427.4,427.3,2765
427.7,427.55,2764
427.9,427.8,2764
428.1,428,2764
428.4,428.25,2763
428.6,428.5,2762
428.8,428.7,2762
429,428.9,2761
429.3,429.15,2760
429.5,429.4,2759
429.7,429.6,2759
429.9,429.8,2758
430.2,430.05,2757
430.4,430.3,2756
430.6,430.5,2756
430.9,430.75,2755
431.1,431,2754
431.3,431.2,2754
431.5,431.4,2754
431.8,431.65,2753
432,431.9,2753
432.2,432.1,2753
432.5,432.35,2752
432.7,432.6,2752
432.9,432.8,2752
433.1,433,2752
433.4,433.25,2751
433.6,433.5,2751
433.8,433.7,2750
434.1,433.95,2750
434.3,434.2,2749
434.5,434.4,2749
434.7,434.6,2748
435,434.85,2748
435.2,435.1,2748
435.4,435.3,2748
435.6,435.5,2748
435.9,435.75,2748
436.1,436,2748
436.3,436.2,2748
436.6,436.45,2749
436.8,436.7,2749
437,436.9,2749
437.2,437.1,2749
437.5,437.35,2750
437.7,437.6,2750
437.9,437.8,2751
438.2,438.05,2751
438.4,438.3,2751
438.6,438.5,2751
438.8,438.7,2752
439.1,438.95,2752
439.3,439.2,2752
439.5,439.4,2752
439.8,439.65,2752
440,439.9,2752
440.2,440.1,2751
440.4,440.3,2751
440.7,440.55,2751
440.9,440.8,2750
441.1,441,2750
441.3,441.2,2749
441.6,441.45,2749
441.8,441.7,2748
442,441.9,2747
442.3,442.15,2747
442.5,442.4,2747
442.7,442.6,2747
442.9,442.8,2746
443.2,443.05,2746
443.4,443.3,2746
443.6,443.5,2746
443.9,443.75,2746
444.1,444,2746
444.3,444.2,2746
444.5,444.4,2746
444.8,444.65,2745
445,444.9,2745
445.2,445.1,2745
445.5,445.35,2745
445.7,445.6,2745
445.9,445.8,2744
446.1,446,2744
446.4,446.25,2744
446.6,446.5,2744
446.8,446.7,2744
447,446.9,2745
447.3,447.15,2745
447.5,447.4,2745
447.7,447.6,2745
448,447.85,2746
448.2,448.1,2746
448.4,448.3,2747
448.6,448.5,2747
448.9,448.75,2748
449.1,449,2748
449.3,449.2,2749
449.6,449.45,2749
449.8,449.7,2749
450,449.9,2749
450.2,450.1,2749
450.5,450.35,2749
450.7,450.6,2749
450.9,450.8,2748
451.2,451.05,2748
451.4,451.3,2748
451.6,451.5,2747
451.8,451.7,2747
452.1,451.95,2746
452.3,452.2,2746
452.5,452.4,2745
452.7,452.6,2745
453,452.85,2744
453.2,453.1,2744
453.4,453.3,2744
453.7,453.55,2744
453.9,453.8,2743
454.1,454,2743
454.3,454.2,2743
454.6,454.45,2743
454.8,454.7,2743
455,454.9,2743
455.3,455.15,2742
455.5,455.4,2742
455.7,455.6,2742
455.9,455.8,2742
456.2,456.05,2742
456.4,456.3,2742
456.6,456.5,2742
456.9,456.75,2741
457.1,457,2741
457.3,457.2,2741
457.5,457.4,2741
457.8,457.65,2741
458,457.9,2741
458.2,458.1,2740
458.4,458.3,2740
458.7,458.55,2740
458.9,458.8,2739
459.1,459,2740
459.4,459.25,2739
459.6,459.5,2739
459.8,459.7,2739
460,459.9,2739
460.3,460.15,2738
460.5,460.4,2738
460.7,460.6,2738
461,460.85,2738
461.2,461.1,2738
461.4,461.3,2737
461.6,461.5,2737
461.9,461.75,2737
462.1,462,2737
462.3,462.2,2737
462.6,462.45,2736
462.8,462.7,2736
463,462.9,2736
463.2,463.1,2735
463.5,463.35,2735
463.7,463.6,2735
463.9,463.8,2734
464.1,464,2734
464.4,464.25,2733
464.6,464.5,2733
464.8,464.7,2732
465.1,464.95,2732
465.3,465.2,2731
465.5,465.4,2731
465.7,465.6,2730
466,465.85,2729
466.2,466.1,2728
466.4,466.3,2728
466.7,466.55,2727
466.9,466.8,2727
467.1,467,2726
467.3,467.2,2725
467.6,467.45,2726
467.8,467.7,2725
468,467.9,2725
468.3,468.15,2725
468.5,468.4,2725
468.7,468.6,2725
468.9,468.8,2725
469.2,469.05,2725
469.4,469.3,2726
469.6,469.5,2726
469.8,469.7,2726
470.1,469.95,2726
470.3,470.2,2725
470.5,470.4,2726
470.8,470.65,2725
471,470.9,2725
471.2,471.1,2725
471.4,471.3,2725
471.7,471.55,2724
471.9,471.8,2724
472.1,472,2723
472.4,472.25,2722
472.6,472.5,2722
472.8,472.7,2721
473,472.9,2720
473.3,473.15,2719
473.5,473.4,2719
473.7,473.6,2718
474,473.85,2717
474.2,474.1,2716
474.4,474.3,2716
474.6,474.5,2715
474.9,474.75,2714
475.1,475,2713
475.3,475.2,2712
475.6,475.45,2712
475.8,475.7,2711
476,475.9,2711
476.2,476.1,2710
476.5,476.35,2711
476.7,476.6,2710
476.9,476.8,2710
477.1,477,2709
477.4,477.25,2709
477.6,477.5,2709
477.8,477.7,2709
478.1,477.95,2709
478.3,478.2,2709
478.5,478.4,2709
478.7,478.6,2709
479,478.85,2710
479.2,479.1,2710
479.4,479.3,2710
479.7,479.55,2711
479.9,479.8,2711
480.1,480,2711
480.3,480.2,2712
480.6,480.45,2712
480.8,480.7,2712
481,480.9,2713
481.3,481.15,2713
481.5,481.4,2713
481.7,481.6,2714
482,481.85,2714
482.2,482.1,2714
482.5,482.35,2714
482.7,482.6,2715
482.9,482.8,2715
483.2,483.05,2716
483.4,483.3,2715
483.7,483.55,2716
483.9,483.8,2716
484.1,484,2716
484.4,484.25,2716
484.6,484.5,2716
484.9,484.75,2715
485.1,485,2715
485.3,485.2,2714
485.6,485.45,2713
485.8,485.7,2714
486.1,485.95,2712
486.3,486.2,2711
486.5,486.4,2712
486.8,486.65,2711
487,486.9,2710
487.3,487.15,2710
487.5,487.4,2710
487.8,487.65,2710
488,487.9,2710
488.2,488.1,2710
488.5,488.35,2710
488.7,488.6,2710
489,488.85,2710
489.2,489.1,2710
489.4,489.3,2710
489.7,489.55,2710
489.9,489.8,2711
490.2,490.05,2711
490.4,490.3,2711
490.6,490.5,2712
490.9,490.75,2712
491.1,491,2712
491.4,491.25,2713
491.6,491.5,2713
491.8,491.7,2713
492.1,491.95,2713
492.3,492.2,2713
492.6,492.45,2713
492.8,492.7,2713
493,492.9,2713
493.3,493.15,2712
493.5,493.4,2712
493.8,493.65,2712
494,493.9,2711
494.2,494.1,2711
494.5,494.35,2711
494.7,494.6,2711
495,494.85,2711
495.2,495.1,2710
495.4,495.3,2709
495.7,495.55,2710
495.9,495.8,2709
496.2,496.05,2708
496.4,496.3,2708
496.6,496.5,2708
496.9,496.75,2707
497.1,497,2708
497.4,497.25,2707
497.6,497.5,2707
497.8,497.7,2707
498.1,497.95,2706
498.3,498.2,2706
498.6,498.45,2706
498.8,498.7,2706
499,498.9,2706
499.3,499.15,2706
499.5,499.4,2705
499.8,499.65,2705
500,499.9,2705
500.2,500.1,2705
500.5,500.35,2704
500.7,500.6,2704
501,500.85,2704
501.2,501.1,2703
501.4,501.3,2703
501.7,501.55,2702
501.9,501.8,2701
502.2,502.05,2701
502.4,502.3,2700
502.7,502.55,2700
502.9,502.8,2700
503.1,503,2699
503.4,503.25,2699
503.6,503.5,2699
503.9,503.75,2698
504.1,504,2698
504.3,504.2,2698
504.6,504.45,2698
504.8,504.7,2698
505.1,504.95,2698
505.3,505.2,2698
505.5,505.4,2698
505.8,505.65,2698
506,505.9,2697
506.3,506.15,2697
506.5,506.4,2697
506.7,506.6,2697
507,506.85,2697
507.2,507.1,2697
507.5,507.35,2696
507.7,507.6,2696
507.9,507.8,2696
508.2,508.05,2696
508.4,508.3,2695
508.7,508.55,2696
508.9,508.8,2695
509.1,509,2695
509.4,509.25,2695
509.6,509.5,2695
509.9,509.75,2695
510.1,510,2695
510.3,510.2,2695
510.6,510.45,2695
510.8,510.7,2695
511.1,510.95,2695
511.3,511.2,2695
511.5,511.4,2695
511.8,511.65,2695
512,511.9,2695
512.3,512.15,2695
512.5,512.4,2695
512.7,512.6,2695
513,512.85,2695
513.2,513.1,2694
513.5,513.35,2694
513.7,513.6,2694
513.9,513.8,2693
514.2,514.05,2693
514.4,514.3,2692
514.7,514.55,2691
514.9,514.8,2691
515.1,515,2690
515.4,515.25,2690
515.6,515.5,2690
515.9,515.75,2689
516.1,516,2688
516.3,516.2,2688
516.6,516.45,2687
516.8,516.7,2686
517.1,516.95,2686
517.3,517.2,2686
517.5,517.4,2685
517.8,517.65,2685
518,517.9,2684
518.3,518.15,2683
518.5,518.4,2683
518.8,518.65,2682
519,518.9,2681
519.2,519.1,2681
519.5,519.35,2681
519.7,519.6,2680
520,519.85,2680
520.2,520.1,2679
520.4,520.3,2679
520.7,520.55,2679
520.9,520.8,2678
521.2,521.05,2678
521.4,521.3,2678
521.6,521.5,2678
521.9,521.75,2678
522.1,522,2678
522.4,522.25,2678
522.6,522.5,2678
522.8,522.7,2678
523.1,522.95,2677
523.3,523.2,2677
523.6,523.45,2677
523.8,523.7,2677
524,523.9,2677
524.3,524.15,2677
524.5,524.4,2677
524.8,524.65,2677
525,524.9,2677
525.2,525.1,2677
525.5,525.35,2676
525.7,525.6,2677
526,525.85,2676
526.2,526.1,2676
526.4,526.3,2676
526.7,526.55,2676
526.9,526.8,2676
527.2,527.05,2676
527.4,527.3,2675
527.6,527.5,2675
527.9,527.75,2675
528.1,528,2674
528.4,528.25,2674
528.6,528.5,2673
528.8,528.7,2673
529.1,528.95,2673
529.3,529.2,2673
529.6,529.45,2672
529.8,529.7,2673
530,529.9,2672
530.3,530.15,2672
530.5,530.4,2672
530.8,530.65,2672
531,530.9,2671
531.2,531.1,2672
531.5,531.35,2671
531.7,531.6,2671
532,531.85,2671
532.2,532.1,2671
532.4,532.3,2670
532.7,532.55,2670
532.9,532.8,2670
533.2,533.05,2669
533.4,533.3,2669
533.7,533.55,2669
533.9,533.8,2668
534.1,534,2668
534.4,534.25,2668
534.6,534.5,2667
534.9,534.75,2667
535.1,535,2667
535.3,535.2,2666
535.6,535.45,2666
535.8,535.7,2666
536.1,535.95,2665
536.3,536.2,2666
536.5,536.4,2665
536.8,536.65,2665
537,536.9,2665
537.3,537.15,2665
537.5,537.4,2665
537.7,537.6,2665
538,537.85,2665
538.2,538.1,2665
538.5,538.35,2665
538.7,538.6,2665
538.9,538.8,2665
539.2,539.05,2666
539.4,539.3,2666
539.7,539.55,2665
539.9,539.8,2665
540.1,540,2666
540.4,540.25,2665
540.6,540.5,2666
540.9,540.75,2666
541.1,541,2666
541.3,541.2,2665
541.6,541.45,2666
541.8,541.7,2666
542.1,541.95,2666
542.3,542.2,2666
542.5,542.4,2666
542.8,542.65,2666
543,542.9,2667
543.2,543.1,2667
543.5,543.35,2667
543.7,543.6,2667
543.9,543.8,2668
544.2,544.05,2668
544.4,544.3,2668
544.6,544.5,2668
544.9,544.75,2668
545.1,545,2668
545.3,545.2,2668
545.6,545.45,2668
545.8,545.7,2668
546,545.9,2668
546.3,546.15,2667
546.5,546.4,2667
546.7,546.6,2667
547,546.85,2666
547.2,547.1,2666
547.4,547.3,2666
547.7,547.55,2665
547.9,547.8,2665
548.1,548,2664
548.4,548.25,2664
548.6,548.5,2664
548.8,548.7,2663
549.1,548.95,2663
549.3,549.2,2662
549.5,549.4,2662
549.8,549.65,2662
550,549.9,2661
550.2,550.1,2662
550.5,550.35,2661
550.7,550.6,2661
550.9,550.8,2661
551.2,551.05,2661
551.4,551.3,2661
551.6,551.5,2661
551.9,551.75,2661
552.1,552,2661
552.3,552.2,2661
552.5,552.4,2661
552.8,552.65,2660
553,552.9,2661
553.2,553.1,2661
553.5,553.35,2660
553.7,553.6,2661
553.9,553.8,2661
554.2,554.05,2661
554.4,554.3,2661
554.6,554.5,2661
554.9,554.75,2661
555.1,555,2660
555.3,555.2,2660
555.6,555.45,2661
555.8,555.7,2660
556,555.9,2660
556.3,556.15,2660
556.5,556.4,2660
556.7,556.6,2659
557,556.85,2660
557.2,557.1,2659
557.4,557.3,2659
557.7,557.55,2659
557.9,557.8,2658
558.1,558,2658
558.4,558.25,2657
558.6,558.5,2657
558.8,558.7,2657
559.1,558.95,2657
559.3,559.2,2656
559.5,559.4,2655
559.8,559.65,2655
560,559.9,2655
560.2,560.1,2655
560.5,560.35,2654
560.7,560.6,2653
560.9,560.8,2653
561.2,561.05,2653
561.4,561.3,2652
561.6,561.5,2652
561.9,561.75,2651
562.1,562,2650
562.3,562.2,2650
562.6,562.45,2650
562.8,562.7,2649
563,562.9,2648
563.3,563.15,2648
563.5,563.4,2647
563.7,563.6,2646
564,563.85,2645
564.2,564.1,2644
564.4,564.3,2644
564.7,564.55,2643
564.9,564.8,2643
565.1,565,2642
565.4,565.25,2642
565.6,565.5,2642
565.8,565.7,2641
566.1,565.95,2641
566.3,566.2,2640
566.5,566.4,2640
566.8,566.65,2640
567,566.9,2639
567.2,567.1,2639
567.5,567.35,2639
567.7,567.6,2640
567.9,567.8,2639
568.2,568.05,2638
568.4,568.3,2639
568.6,568.5,2638
568.9,568.75,2639
569.1,569,2638
569.3,569.2,2637
569.5,569.4,2638
569.8,569.65,2637
570,569.9,2637
570.2,570.1,2637
570.5,570.35,2636
570.7,570.6,2636
570.9,570.8,2635
571.2,571.05,2636
571.4,571.3,2635
571.6,571.5,2635
571.9,571.75,2634
572.1,572,2633
572.3,572.2,2633
572.6,572.45,2632
572.8,572.7,2633
573,572.9,2632
573.3,573.15,2631
573.5,573.4,2631
573.7,573.6,2630
574,573.85,2631
574.2,574.1,2630
574.4,574.3,2629
574.7,574.55,2630
574.9,574.8,2629
575.1,575,2629
575.4,575.25,2629
575.6,575.5,2629
575.8,575.7,2630
576.1,575.95,2629
576.3,576.2,2630
576.5,576.4,2630
576.8,576.65,2630
577,576.9,2630
577.2,577.1,2631
577.5,577.35,2631
577.7,577.6,2631
577.9,577.8,2632
578.2,578.05,2632
578.4,578.3,2632
578.6,578.5,2633
578.9,578.75,2633
579.1,579,2634
579.3,579.2,2634
579.6,579.45,2635
579.8,579.7,2636
580,579.9,2636
580.3,580.15,2637
580.5,580.4,2637
580.7,580.6,2638
581,580.85,2639
581.2,581.1,2640
581.4,581.3,2640
581.7,581.55,2641
581.9,581.8,2641
582.1,582,2642
582.4,582.25,2642
582.6,582.5,2642
582.8,582.7,2643
583.1,582.95,2643
583.3,583.2,2643
583.5,583.4,2643
583.8,583.65,2643
584,583.9,2644
584.2,584.1,2644
584.5,584.35,2644
584.7,584.6,2644
584.9,584.8,2644
585.2,585.05,2644
585.4,585.3,2644
585.6,585.5,2644
585.9,585.75,2644
586.1,586,2644
586.3,586.2,2644
586.5,586.4,2644
586.8,586.65,2644
587,586.9,2644
587.2,587.1,2644
587.5,587.35,2644
587.7,587.6,2644
587.9,587.8,2644
588.2,588.05,2644
588.4,588.3,2644
588.6,588.5,2643
588.9,588.75,2643
589.1,589,2643
589.3,589.2,2643
589.6,589.45,2643
589.8,589.7,2643
590,589.9,2643
590.3,590.15,2643
590.5,590.4,2643
590.7,590.6,2643
591,590.85,2642
591.2,591.1,2643
591.4,591.3,2642
591.7,591.55,2642
591.9,591.8,2642
592.1,592,2642
592.4,592.25,2642
592.6,592.5,2642
592.8,592.7,2642
593.1,592.95,2642
593.3,593.2,2641
593.5,593.4,2642
593.8,593.65,2641
594,593.9,2641
594.2,594.1,2641
594.5,594.35,2640
594.7,594.6,2640
594.9,594.8,2640
595.2,595.05,2640
595.4,595.3,2639
595.6,595.5,2639
595.9,595.75,2639
596.1,596,2638
596.3,596.2,2638
596.6,596.45,2638
596.8,596.7,2637
597,596.9,2637
597.3,597.15,2636
597.5,597.4,2636
597.7,597.6,2636
598,597.85,2636
598.2,598.1,2635
598.4,598.3,2635
598.7,598.55,2635
598.9,598.8,2635
599.1,599,2635
599.4,599.25,2634
599.6,599.5,2634
599.8,599.7,2634
600.1,599.95,2634
600.3,600.2,2634
600.5,600.4,2633
600.8,600.65,2633
601,600.9,2633
601.2,601.1,2633
601.5,601.35,2633
601.7,601.6,2633
601.9,601.8,2632
602.2,602.05,2632
602.4,602.3,2632
602.6,602.5,2632
602.9,602.75,2632
603.1,603,2632
603.3,603.2,2632
603.5,603.4,2632
603.8,603.65,2632
604,603.9,2631
604.2,604.1,2631
604.5,604.35,2631
604.7,604.6,2631
604.9,604.8,2631
605.2,605.05,2631
605.4,605.3,2631
605.6,605.5,2631
605.8,605.7,2632
606,605.9,2632
606.3,606.15,2632
606.5,606.4,2632
606.7,606.6,2632
606.9,606.8,2632
607.1,607,2632
607.3,607.2,2633
607.6,607.45,2633
607.8,607.7,2633
608,607.9,2634
608.2,608.1,2634
608.4,608.3,2634
608.6,608.5,2634
608.9,608.75,2635
609.1,609,2635
609.3,609.2,2635
609.5,609.4,2636
609.7,609.6,2635
610,609.85,2636
610.2,610.1,2636
610.4,610.3,2636
610.6,610.5,2636
610.8,610.7,2636
611,610.9,2636
611.3,611.15,2636
611.5,611.4,2636
611.7,611.6,2636
611.9,611.8,2636
612.1,612,2636
612.4,612.25,2636
612.6,612.5,2636
612.8,612.7,2635
613,612.9,2635
613.2,613.1,2636
613.4,613.3,2635
613.7,613.55,2635
613.9,613.8,2634
614.1,614,2635
614.3,614.2,2635
614.5,614.4,2634
614.7,614.6,2634
615,614.85,2634
615.2,615.1,2634
615.4,615.3,2633
615.6,615.5,2633
615.8,615.7,2633
616.1,615.95,2632
616.3,616.2,2632
616.5,616.4,2631
616.7,616.6,2631
616.9,616.8,2630
617.1,617,2630
617.4,617.25,2630
617.6,617.5,2629
617.8,617.7,2628
618,617.9,2627
618.2,618.1,2627
618.5,618.35,2626
618.7,618.6,2626
618.9,618.8,2626
619.1,619,2626
619.3,619.2,2626
619.5,619.4,2625
619.8,619.65,2625
620,619.9,2625
620.2,620.1,2625
620.4,620.3,2625
620.6,620.5,2625
620.8,620.7,2625
621.1,620.95,2624
621.3,621.2,2625
621.5,621.4,2625
621.7,621.6,2625
621.9,621.8,2625
622.2,622.05,2625
622.4,622.3,2625
622.6,622.5,2625
622.8,622.7,2625
623,622.9,2625
623.2,623.1,2625
623.5,623.35,2625
623.7,623.6,2625
623.9,623.8,2625
624.1,624,2625
624.3,624.2,2625
624.5,624.4,2625
624.8,624.65,2625
625,624.9,2625
625.2,625.1,2624
625.4,625.3,2624
625.6,625.5,2624
625.9,625.75,2624
626.1,626,2624
626.3,626.2,2624
626.5,626.4,2623
626.7,626.6,2623
626.9,626.8,2623
627.2,627.05,2623
627.4,627.3,2623
627.6,627.5,2623
627.8,627.7,2622
628,627.9,2622
628.3,628.15,2622
628.5,628.4,2622
628.7,628.6,2622
628.9,628.8,2622
629.1,629,2622
629.3,629.2,2622
629.6,629.45,2622
629.8,629.7,2622
630,629.9,2622
630.2,630.1,2622
630.4,630.3,2622
630.6,630.5,2622
630.9,630.75,2622
631.1,631,2623
631.3,631.2,2623
631.5,631.4,2623
631.7,631.6,2623
632,631.85,2623
632.2,632.1,2624
632.4,632.3,2624
632.6,632.5,2624
632.8,632.7,2624
633,632.9,2624
633.3,633.15,2624
633.5,633.4,2624
633.7,633.6,2625
633.9,633.8,2624
634.1,634,2625
634.4,634.25,2625
634.6,634.5,2625
634.8,634.7,2625
635,634.9,2624
635.2,635.1,2624
635.4,635.3,2624
635.7,635.55,2624
635.9,635.8,2624
636.1,636,2624
636.3,636.2,2624
636.5,636.4,2623
636.7,636.6,2623
637,636.85,2623
637.2,637.1,2623
637.4,637.3,2623
637.6,637.5,2623
637.8,637.7,2623
638.1,637.95,2623
638.3,638.2,2624
638.5,638.4,2624
638.7,638.6,2624
638.9,638.8,2624
639.1,639,2624
639.4,639.25,2624
639.6,639.5,2624
639.8,639.7,2625
640,639.9,2625
640.2,640.1,2625
640.4,640.3,2625
640.7,640.55,2625
640.9,640.8,2625
641.1,641,2624
641.3,641.2,2625
641.5,641.4,2625
641.8,641.65,2624
642,641.9,2624
642.2,642.1,2624
642.4,642.3,2624
642.6,642.5,2623
642.8,642.7,2623
643.1,642.95,2624
643.3,643.2,2623
643.5,643.4,2623
643.7,643.6,2622
643.9,643.8,2623
644.2,644.05,2621
644.4,644.3,2622
644.6,644.5,2622
644.8,644.7,2621
645,644.9,2621
645.2,645.1,2621
645.5,645.35,2621
645.7,645.6,2621
645.9,645.8,2621
646.1,646,2621
646.3,646.2,2621
646.5,646.4,2621
646.8,646.65,2621
647,646.9,2621
647.2,647.1,2622
647.4,647.3,2622
647.6,647.5,2622
647.9,647.75,2622
648.1,648,2623
648.3,648.2,2623
648.5,648.4,2623
648.7,648.6,2623
648.9,648.8,2623
649.2,649.05,2624
649.4,649.3,2624
649.6,649.5,2624
649.8,649.7,2624
650,649.9,2624
650.2,650.1,2624
650.5,650.35,2624
650.7,650.6,2624
650.9,650.8,2624
651.1,651,2624
651.3,651.2,2625
651.5,651.4,2624
651.8,651.65,2625
652,651.9,2624
652.2,652.1,2624
652.4,652.3,2624
652.6,652.5,2624
652.8,652.7,2624
653.1,652.95,2624
653.3,653.2,2624
653.5,653.4,2623
653.7,653.6,2623
653.9,653.8,2624
654.1,654,2624
654.4,654.25,2624
654.6,654.5,2623
654.8,654.7,2623
655,654.9,2624
655.2,655.1,2623
655.4,655.3,2623
655.7,655.55,2623
655.9,655.8,2623
656.1,656,2623
656.3,656.2,2623
656.5,656.4,2623
656.7,656.6,2623
657,656.85,2623
657.2,657.1,2623
657.4,657.3,2623
657.6,657.5,2623
657.8,657.7,2623
658,657.9,2623
658.3,658.15,2623
658.5,658.4,2623
658.7,658.6,2624
658.9,658.8,2624
659.1,659,2624
659.3,659.2,2624
659.6,659.45,2624
659.8,659.7,2624
660,659.9,2624
660.2,660.1,2625
660.4,660.3,2624
660.6,660.5,2625
660.9,660.75,2624
661.1,661,2625
661.3,661.2,2625
661.5,661.4,2624
661.7,661.6,2624
661.9,661.8,2624
662.2,662.05,2624
662.4,662.3,2623
662.6,662.5,2623
662.8,662.7,2623
663,662.9,2622
663.2,663.1,2622
663.5,663.35,2621
663.7,663.6,2621
663.9,663.8,2620
664.1,664,2619
664.3,664.2,2619
664.5,664.4,2617
664.8,664.65,2617
665,664.9,2616
665.2,665.1,2615
665.4,665.3,2614
665.7,665.55,2613
665.9,665.8,2612
666.1,666,2611
666.3,666.2,2610
666.6,666.45,2610
666.8,666.7,2609
667,666.9,2609
667.2,667.1,2607
667.5,667.35,2607
667.7,667.6,2607
667.9,667.8,2606
668.1,668,2605
668.4,668.25,2605
668.6,668.5,2605
668.8,668.7,2605
669,668.9,2605
669.3,669.15,2604
669.5,669.4,2604
669.7,669.6,2604
669.9,669.8,2604
670.1,670,2604
670.4,670.25,2604
670.6,670.5,2604
670.8,670.7,2604
671,670.9,2604
671.3,671.15,2604
671.5,671.4,2604
671.7,671.6,2604
671.9,671.8,2604
672.2,672.05,2603
672.4,672.3,2603
672.6,672.5,2603
672.8,672.7,2603
673.1,672.95,2602
673.3,673.2,2602
673.5,673.4,2602
673.7,673.6,2602
674,673.85,2601
674.2,674.1,2602
674.4,674.3,2601
674.6,674.5,2602
674.9,674.75,2602
675.1,675,2602
675.3,675.2,2602
675.5,675.4,2602
675.8,675.65,2602
676,675.9,2603
676.2,676.1,2603
676.4,676.3,2603
676.7,676.55,2604
676.9,676.8,2604
677.1,677,2604
677.3,677.2,2605
677.5,677.4,2605
677.8,677.65,2605
678,677.9,2605
678.2,678.1,2606
678.4,678.3,2606
678.7,678.55,2606
678.9,678.8,2606
679.1,679,2607
679.3,679.2,2606
679.6,679.45,2607
679.8,679.7,2607
680,679.9,2607
680.2,680.1,2608
680.5,680.35,2608
680.7,680.6,2608
680.9,680.8,2609
681.1,681,2610
681.4,681.25,2610
681.6,681.5,2611
681.8,681.7,2612
682,681.9,2612
682.3,682.15,2612
682.5,682.4,2613
682.7,682.6,2613
682.9,682.8,2613
683.2,683.05,2614
683.4,683.3,2614
683.6,683.5,2615
683.8,683.7,2615
684.1,683.95,2615
684.3,684.2,2615
684.5,684.4,2615
684.7,684.6,2615
684.9,684.8,2616
685.2,685.05,2615
685.4,685.3,2615
685.6,685.5,2615
685.8,685.7,2615
686.1,685.95,2615
686.3,686.2,2615
686.5,686.4,2615
686.7,686.6,2615
687,686.85,2614
687.2,687.1,2614
687.4,687.3,2614
687.6,687.5,2614
687.9,687.75,2613
688.1,688,2613
688.3,688.2,2613
688.5,688.4,2613
688.8,688.65,2613
689,688.9,2612
689.2,689.1,2612
689.4,689.3,2612
689.7,689.55,2612
689.9,689.8,2611
690.1,690,2611
690.3,690.2,2610
690.6,690.45,2610
690.8,690.7,2610
691,690.9,2609
691.2,691.1,2609
691.4,691.3,2609
691.7,691.55,2609
691.9,691.8,2608
692.1,692,2608
692.3,692.2,2608
692.6,692.45,2607
692.8,692.7,2607
693,692.9,2607
693.2,693.1,2607
693.5,693.35,2606
693.7,693.6,2606
693.9,693.8,2606
694.1,694,2605
694.4,694.25,2605
694.6,694.5,2604
694.8,694.7,2604
695,694.9,2604
695.3,695.15,2603
695.5,695.4,2603
695.7,695.6,2602
695.9,695.8,2602
696.2,696.05,2601
696.4,696.3,2601
696.6,696.5,2600
696.8,696.7,2600
697.1,696.95,2599
697.3,697.2,2598
697.5,697.4,2598
697.7,697.6,2597
698,697.85,2597
698.2,698.1,2596
698.4,698.3,2596
698.6,698.5,2595
698.8,698.7,2595
699.1,698.95,2594
699.3,699.2,2594
699.5,699.4,2593
699.7,699.6,2593
700,699.85,2593
700.2,700.1,2592
700.4,700.3,2592
700.6,700.5,2591
700.9,700.75,2591
701.1,701,2591
701.3,701.2,2590
701.5,701.4,2590
701.8,701.65,2590
702,701.9,2590
702.2,702.1,2590
702.4,702.3,2589
702.7,702.55,2589
702.9,702.8,2589
703.1,703,2590
703.3,703.2,2589
703.6,703.45,2590
703.8,703.7,2590
704,703.9,2590
704.2,704.1,2590
704.5,704.35,2590
704.7,704.6,2591
704.9,704.8,2591
705.1,705,2591
705.4,705.25,2591
705.6,705.5,2591
705.8,705.7,2592
706,705.9,2592
706.2,706.1,2592
706.5,706.35,2593
706.7,706.6,2593
706.9,706.8,2594
707.1,707,2594
707.4,707.25,2595
707.6,707.5,2595
707.8,707.7,2596
708,707.9,2596
708.3,708.15,2597
708.5,708.4,2597
708.7,708.6,2598
708.9,708.8,2598
709.2,709.05,2598
709.4,709.3,2598
709.6,709.5,2599
709.8,709.7,2599
710.1,709.95,2599
710.3,710.2,2599
710.5,710.4,2598
710.7,710.6,2598
711,710.85,2598
711.2,711.1,2598
711.4,711.3,2598
711.6,711.5,2598
711.9,711.75,2597
712.1,712,2597
712.3,712.2,2597
712.5,712.4,2596
712.7,712.6,2596
712.9,712.8,2596
713.1,713,2596
713.3,713.2,2595
713.5,713.4,2595
713.7,713.6,2595
713.9,713.8,2595
714.2,714.05,2595
714.4,714.3,2595
714.6,714.5,2594
714.8,714.7,2594
715,714.9,2594
715.2,715.1,2593
715.4,715.3,2593
715.6,715.5,2593
715.8,715.7,2593
716,715.9,2592
716.2,716.1,2592
716.4,716.3,2592
716.6,716.5,2591
716.8,716.7,2591
717,716.9,2591
717.2,717.1,2591
717.4,717.3,2590
717.7,717.55,2590
717.9,717.8,2589
718.1,718,2590
718.3,718.2,2589
718.5,718.4,2589
718.7,718.6,2589
718.9,718.8,2589
719.1,719,2588
719.3,719.2,2588
719.5,719.4,2587
719.7,719.6,2588
719.9,719.8,2588
720.1,720,2588
720.3,720.2,2588
720.5,720.4,2588
720.7,720.6,2588
720.9,720.8,2588
721.2,721.05,2588
721.4,721.3,2589
721.6,721.5,2589
721.8,721.7,2590
722,721.9,2590
722.2,722.1,2591
722.4,722.3,2591
722.6,722.5,2591
722.8,722.7,2591
723,722.9,2592
723.2,723.1,2592
723.4,723.3,2592
723.6,723.5,2592
723.8,723.7,2592
724,723.9,2592
724.2,724.1,2592
724.4,724.3,2592
724.7,724.55,2593
724.9,724.8,2593
725.1,725,2593
725.3,725.2,2593
725.5,725.4,2593
725.7,725.6,2593
725.9,725.8,2593
726.1,726,2593
726.3,726.2,2593
726.5,726.4,2593
726.7,726.6,2594
726.9,726.8,2594
727.1,727,2595
727.3,727.2,2595
727.5,727.4,2595
727.7,727.6,2596
727.9,727.8,2596
728.1,728,2596
728.4,728.25,2597
728.6,728.5,2598
728.8,728.7,2599
729,728.9,2599
729.2,729.1,2600
729.4,729.3,2601
729.6,729.5,2602
729.8,729.7,2603
730,729.9,2604
730.2,730.1,2604
730.4,730.3,2605
730.6,730.5,2606
730.8,730.7,2607
731,730.9,2607
731.2,731.1,2609
731.4,731.3,2610
731.6,731.5,2610
731.9,731.75,2611
732.1,732,2611
732.3,732.2,2612
732.5,732.4,2612
732.7,732.6,2613
732.9,732.8,2613
733.1,733,2614
733.3,733.2,2614
733.5,733.4,2615
733.7,733.6,2615
733.9,733.8,2616
734.1,734,2616
734.3,734.2,2617
734.5,734.4,2618
734.7,734.6,2618
734.9,734.8,2619
735.1,735,2619
735.4,735.25,2620
735.6,735.5,2621
735.8,735.7,2621
736,735.9,2622
736.2,736.1,2622
736.4,736.3,2623
736.6,736.5,2623
736.8,736.7,2624
737,736.9,2624
737.2,737.1,2625
737.4,737.3,2626
737.6,737.5,2626
737.8,737.7,2627
738,737.9,2627
738.2,738.1,2628
738.4,738.3,2628
738.6,738.5,2629
738.9,738.75,2629
739.1,739,2630
739.3,739.2,2630
739.5,739.4,2630
739.7,739.6,2631
739.9,739.8,2631
740.1,740,2632
740.3,740.2,2632
740.5,740.4,2632
740.7,740.6,2632
740.9,740.8,2633
741.1,741,2633
741.3,741.2,2633
741.5,741.4,2633
741.7,741.6,2633
741.9,741.8,2634
742.1,742,2634
742.4,742.25,2634
742.6,742.5,2634
742.8,742.7,2634
743,742.9,2635
743.2,743.1,2635
743.4,743.3,2635
743.6,743.5,2635
743.8,743.7,2636
744,743.9,2636
744.2,744.1,2636
744.4,744.3,2636
744.6,744.5,2637
744.8,744.7,2637
745,744.9,2637
745.2,745.1,2638
745.5,745.35,2638
745.7,745.6,2639
745.9,745.8,2639
746.1,746,2640
746.4,746.25,2640
746.6,746.5,2641
746.8,746.7,2641
747,746.9,2642
747.3,747.15,2642
747.5,747.4,2643
747.7,747.6,2643
747.9,747.8,2644
748.1,748,2644
748.4,748.25,2645
748.6,748.5,2645
748.8,748.7,2646
749,748.9,2646
749.3,749.15,2646
749.5,749.4,2647
749.7,749.6,2647
749.9,749.8,2648
750.2,750.05,2648
750.4,750.3,2649
750.6,750.5,2650
750.8,750.7,2650
751.1,750.95,2651
751.3,751.2,2651
751.5,751.4,2652
751.7,751.6,2652
752,751.85,2652
752.2,752.1,2653
752.4,752.3,2653
752.6,752.5,2653
752.8,752.7,2654
753.1,752.95,2654
753.3,753.2,2654
753.5,753.4,2654
753.7,753.6,2654
753.9,753.8,2654
754.2,754.05,2654
754.4,754.3,2654
754.6,754.5,2654
754.8,754.7,2655
755.1,754.95,2655
755.3,755.2,2655
755.5,755.4,2655
755.7,755.6,2655
755.9,755.8,2655
756.2,756.05,2655
756.4,756.3,2655
756.6,756.5,2654
756.8,756.7,2655
757,756.9,2654
757.3,757.15,2654
757.5,757.4,2654
757.7,757.6,2654
757.9,757.8,2653
758.2,758.05,2654
758.4,758.3,2653
758.6,758.5,2653
758.8,758.7,2653
759,758.9,2652
759.3,759.15,2651
759.5,759.4,2650
759.7,759.6,2650
759.9,759.8,2649
760.1,760,2649
760.4,760.25,2648
760.6,760.5,2648
760.8,760.7,2648
761,760.9,2648
761.3,761.15,2647
761.5,761.4,2647
761.7,761.6,2647
761.9,761.8,2647
762.1,762,2648
762.4,762.25,2648
762.6,762.5,2649
762.8,762.7,2649
763,762.9,2649
763.2,763.1,2649
763.5,763.35,2650
763.7,763.6,2651
763.9,763.8,2651
764.1,764,2651
764.4,764.25,2652
764.6,764.5,2652
764.8,764.7,2653
765,764.9,2653
765.2,765.1,2654
765.5,765.35,2654
765.7,765.6,2654
765.9,765.8,2655
766.1,766,2655
766.3,766.2,2656
766.6,766.45,2656
766.8,766.7,2657
767,766.9,2657
767.2,767.1,2657
767.5,767.35,2658
767.7,767.6,2659
767.9,767.8,2659
768.1,768,2659
768.3,768.2,2660
768.6,768.45,2660
768.8,768.7,2660
769,768.9,2660
769.2,769.1,2660
769.4,769.3,2660
769.7,769.55,2661
769.9,769.8,2661
770.1,770,2661
770.3,770.2,2661
770.6,770.45,2661
770.8,770.7,2661
771,770.9,2661
771.2,771.1,2661
771.4,771.3,2662
771.7,771.55,2662
771.9,771.8,2662
772.1,772,2663
772.3,772.2,2663
772.5,772.4,2664
772.8,772.65,2664
773,772.9,2665
773.2,773.1,2666
773.4,773.3,2667
773.7,773.55,2668
773.9,773.8,2668
774.1,774,2669
774.3,774.2,2669
774.5,774.4,2670
774.8,774.65,2670
775,774.9,2669
775.2,775.1,2669
775.4,775.3,2668
775.6,775.5,2668
775.9,775.75,2667
776.1,776,2667
776.3,776.2,2666
776.5,776.4,2666
776.8,776.65,2665
777,776.9,2664
777.2,777.1,2664
777.4,777.3,2664
777.6,777.5,2663
777.9,777.75,2662
778.1,778,2662
778.3,778.2,2661
778.5,778.4,2660
778.7,778.6,2659
779,778.85,2659
779.2,779.1,2657
779.4,779.3,2657
779.6,779.5,2656
779.8,779.7,2656
780.1,779.95,2655
780.3,780.2,2655
780.5,780.4,2655
780.7,780.6,2655
781,780.85,2655
781.2,781.1,2655
781.4,781.3,2656
781.6,781.5,2656
781.8,781.7,2657
782.1,781.95,2656
782.3,782.2,2657
782.5,782.4,2657
782.7,782.6,2658
782.9,782.8,2657
783.2,783.05,2658
783.4,783.3,2658
783.6,783.5,2659
783.8,783.7,2658
784.1,783.95,2659
784.3,784.2,2659
784.5,784.4,2659
784.7,784.6,2659
784.9,784.8,2660
785.2,785.05,2660
785.4,785.3,2660
785.6,785.5,2661
785.8,785.7,2661
786,785.9,2661
786.3,786.15,2661
786.5,786.4,2662
786.7,786.6,2662
786.9,786.8,2663
787.2,787.05,2662
787.4,787.3,2663
787.6,787.5,2663
787.8,787.7,2664
788,787.9,2664
788.3,788.15,2664
788.5,788.4,2664
788.7,788.6,2665
788.9,788.8,2666
789.1,789,2665
789.4,789.25,2666
789.6,789.5,2665
789.8,789.7,2666
790,789.9,2666
790.3,790.15,2666
790.5,790.4,2665
790.7,790.6,2666
790.9,790.8,2666
791.1,791,2666
791.4,791.25,2666
791.6,791.5,2666
791.8,791.7,2665
792,791.9,2665
792.3,792.15,2664
792.5,792.4,2664
792.7,792.6,2664
792.9,792.8,2664
793.2,793.05,2663
793.4,793.3,2663
793.6,793.5,2663
793.8,793.7,2663
794.1,793.95,2662
794.3,794.2,2663
794.5,794.4,2662
794.7,794.6,2662
794.9,794.8,2662
795.2,795.05,2663
795.4,795.3,2663
795.6,795.5,2663
795.8,795.7,2663
796.1,795.95,2664
796.3,796.2,2664
796.5,796.4,2664
796.7,796.6,2665
797,796.85,2665
797.2,797.1,2665
797.4,797.3,2665
797.6,797.5,2665
797.9,797.75,2666
798.1,798,2666
798.3,798.2,2666
798.5,798.4,2665
798.8,798.65,2665
799,798.9,2665
799.2,799.1,2665
799.4,799.3,2665
799.6,799.5,2665
799.9,799.75,2664
800.1,800,2664
800.3,800.2,2664
800.5,800.4,2664
800.8,800.65,2664
801,800.9,2663
801.2,801.1,2663
801.4,801.3,2663
801.7,801.55,2663
801.9,801.8,2663
802.1,802,2662
802.3,802.2,2663
802.6,802.45,2664
802.8,802.7,2662
803,802.9,2663
803.2,803.1,2663
803.5,803.35,2663
803.7,803.6,2663
803.9,803.8,2663
804.1,804,2663
804.3,804.2,2663
804.6,804.45,2663
804.8,804.7,2663
805,804.9,2663
805.2,805.1,2664
805.5,805.35,2663
805.7,805.6,2664
805.9,805.8,2664
806.1,806,2664
806.4,806.25,2665
806.6,806.5,2665
806.8,806.7,2665
807,806.9,2666
807.3,807.15,2666
807.5,807.4,2666
807.7,807.6,2666
807.9,807.8,2667
808.2,808.05,2667
808.4,808.3,2667
808.6,808.5,2667
808.8,808.7,2667
809.1,808.95,2667
809.3,809.2,2668
809.5,809.4,2668
809.7,809.6,2668
809.9,809.8,2667
810.2,810.05,2668
810.4,810.3,2668
810.6,810.5,2668
810.8,810.7,2668
811.1,810.95,2668
811.3,811.2,2667
811.5,811.4,2668
811.7,811.6,2667
812,811.85,2667
812.2,812.1,2667
812.4,812.3,2667
812.6,812.5,2666
812.9,812.75,2666
813.1,813,2666
813.3,813.2,2665
813.5,813.4,2665
813.8,813.65,2665
814,813.9,2664
814.2,814.1,2664
814.4,814.3,2663
814.6,814.5,2663
814.9,814.75,2663
815.1,815,2663
815.3,815.2,2663
815.5,815.4,2663
815.8,815.65,2663
816,815.9,2663
816.2,816.1,2662
816.4,816.3,2663
816.7,816.55,2663
816.9,816.8,2663
817.1,817,2663
817.3,817.2,2663
817.6,817.45,2662
817.8,817.7,2663
818,817.9,2663
818.2,818.1,2663
818.5,818.35,2662
818.7,818.6,2663
818.9,818.8,2663
819.1,819,2663
819.3,819.2,2663
819.6,819.45,2663
819.8,819.7,2663
820,819.9,2664
820.2,820.1,2664
820.5,820.35,2664
820.7,820.6,2664
820.9,820.8,2664
821.1,821,2664
821.4,821.25,2665
821.6,821.5,2665
821.8,821.7,2665
822,821.9,2665
822.3,822.15,2666
822.5,822.4,2666
822.7,822.6,2666
822.9,822.8,2666
823.2,823.05,2667
823.4,823.3,2667
823.6,823.5,2667
823.8,823.7,2667
824,823.9,2668
824.3,824.15,2668
824.5,824.4,2668
824.7,824.6,2669
824.9,824.8,2669
825.2,825.05,2669
825.4,825.3,2670
825.6,825.5,2671
825.8,825.7,2671
826.1,825.95,2672
826.3,826.2,2672
826.5,826.4,2672
826.7,826.6,2673
827,826.85,2673
827.2,827.1,2674
827.4,827.3,2674
827.6,827.5,2675
827.9,827.75,2675
828.1,828,2676
828.3,828.2,2676
828.5,828.4,2677
828.7,828.6,2677
829,828.85,2678
829.2,829.1,2678
829.4,829.3,2678
829.6,829.5,2679
829.9,829.75,2679
830.1,830,2679
830.3,830.2,2679
830.5,830.4,2679
830.8,830.65,2680
831,830.9,2680
831.2,831.1,2680
831.4,831.3,2680
831.7,831.55,2680
831.9,831.8,2680
832.1,832,2680
832.3,832.2,2680
832.6,832.45,2680
832.8,832.7,2680
833,832.9,2680
833.2,833.1,2680
833.5,833.35,2680
833.7,833.6,2680
833.9,833.8,2680
834.1,834,2680
834.3,834.2,2680
834.6,834.45,2680
834.8,834.7,2680
835,834.9,2680
835.2,835.1,2680
835.5,835.35,2680
835.7,835.6,2680
835.9,835.8,2680
836.1,836,2679
836.4,836.25,2679
836.6,836.5,2679
836.8,836.7,2679
837,836.9,2679
837.3,837.15,2679
837.5,837.4,2679
837.5,837.5,2679
